noteId,noteAuthorParticipantId_x,createdAtMillis_x,tweetId,classification,misleadingOther,misleadingFactualError,misleadingManipulatedMedia,misleadingOutdatedInformation,misleadingMissingImportantContext,misleadingUnverifiedClaimAsFact,misleadingSatire,notMisleadingOther,notMisleadingFactuallyCorrect,notMisleadingOutdatedButNotWhenWritten,notMisleadingClearlySatire,notMisleadingPersonalOpinion,trustworthySources,summary,isMediaNote,noteAuthorParticipantId_y,createdAtMillis_y,timestampMillisOfFirstNonNMRStatus,firstNonNMRStatus,timestampMillisOfCurrentStatus,currentStatus,timestampMillisOfLatestNonNMRStatus,mostRecentNonNMRStatus,timestampMillisOfStatusLock,lockedStatus,timestampMillisOfRetroLock,currentCoreStatus,currentExpansionStatus,currentGroupStatus,currentDecidedBy,currentModelingGroup,timestampMillisOfMostRecentStatusChange,timestampMillisOfNmrDueToMinStableCrhTime,currentMultiGroupStatus,currentModelingMultiGroup,timestampMinuteOfFinalScoringOutput,timestampMillisOfFirstNmrDueToMinStableCrhTime
1783179305159200982,C784F04F26E124F4D6EC01658D8F5565005D3092741FB3A6CED3F45089066236,1713978050878,1783159712986382830,MISINFORMED_OR_POTENTIALLY_MISLEADING,0,0,0,0,1,0,0,0,0,0,0,0,1,The House failed to pass a border protection law that was designed to go along with these other bills.  It was intentionally set with a higher 2/3rds threshold requirement and did not pass even though it had a majority.       https://sourcenm.com/2024/04/22/u-s-house-votes-down-border-bill-favored-by-conservatives/    ,0,C784F04F26E124F4D6EC01658D8F5565005D3092741FB3A6CED3F45089066236,1713978050878,nan,nan,1721920068424,NEEDS_MORE_RATINGS,nan,nan,1715188814329.0,NEEDS_MORE_RATINGS,nan,NEEDS_MORE_RATINGS,NEEDS_MORE_RATINGS,NEEDS_MORE_RATINGS,CoreModel (v1.1),13.0,-1,nan,nan,nan,28856277,nan
1783181538789605871,C784F04F26E124F4D6EC01658D8F5565005D3092741FB3A6CED3F45089066236,1713978583415,1783171851818021181,MISINFORMED_OR_POTENTIALLY_MISLEADING,0,1,0,0,0,1,0,0,0,0,0,0,1,"The United States has 50 States     https://data.census.gov/all/profiles?q=All%20States%20within%20United%20States,%20Puerto%20Rico,%20and%20the%20Island%20Areas%20South%20American%20Indian&amp;g=010XX00US",0,C784F04F26E124F4D6EC01658D8F5565005D3092741FB3A6CED3F45089066236,1713978583415,nan,nan,1721920068424,NEEDS_MORE_RATINGS,nan,nan,1715188814329.0,NEEDS_MORE_RATINGS,nan,NEEDS_MORE_RATINGS,NEEDS_MORE_RATINGS,nan,CoreModel (v1.1),nan,-1,nan,nan,nan,28856277,nan
1783182562279494134,C784F04F26E124F4D6EC01658D8F5565005D3092741FB3A6CED3F45089066236,1713978827435,1783154445682979015,MISINFORMED_OR_POTENTIALLY_MISLEADING,0,0,0,0,1,0,0,0,0,0,0,0,1,TikTok only mentions “ban” and chooses to ignore the the divestment portion of the bill     https://www.reuters.com/world/us/senators-hope-tiktok-will-remain-business-us-under-new-owner-2024-04-23/,0,C784F04F26E124F4D6EC01658D8F5565005D3092741FB3A6CED3F45089066236,1713978827435,nan,nan,1721920068424,NEEDS_MORE_RATINGS,nan,nan,1715188814329.0,NEEDS_MORE_RATINGS,nan,NEEDS_MORE_RATINGS,NEEDS_MORE_RATINGS,nan,CoreModel (v1.1),nan,-1,nan,nan,nan,28856277,nan
1537142913737428992,5684B38EB58FD8BE75ABA37F0BE040EC70380B002ADF9DBDE2415CB32782EAEE,1655318404027,1377030478167937024,MISINFORMED_OR_POTENTIALLY_MISLEADING,0,1,0,0,1,1,0,0,0,0,0,0,1,Forbes has a good rundown of the investigation and the Washington Post has a fuller picture of where the investigation is headed.     Gaetz seems to be deliberately misleading his readers about the timeline of any investigation with this tweet.    https://www.forbes.com/sites/rachelsandler/2021/03/30/gop-rep-matt-gaetz-reportedly-under-investigation-over-relationship-with-17-year-old-girl/?sh=7da3be1a23f4    https://www.washingtonpost.com/politics/2022/01/27/sex-trafficking-allegations-matt-gaetz/  ,0,5684B38EB58FD8BE75ABA37F0BE040EC70380B002ADF9DBDE2415CB32782EAEE,1655318404027,nan,nan,1721920068424,NEEDS_MORE_RATINGS,nan,nan,1674003109873.0,NEEDS_MORE_RATINGS,nan,NEEDS_MORE_RATINGS,NEEDS_MORE_RATINGS,NEEDS_MORE_RATINGS,CoreModel (v1.1),13.0,-1,nan,nan,nan,28856277,nan
1537145358521839617,5684B38EB58FD8BE75ABA37F0BE040EC70380B002ADF9DBDE2415CB32782EAEE,1655318986910,1536848327979016193,NOT_MISLEADING,0,0,0,0,0,0,0,0,0,0,1,1,0,They are expressing a personal opinion in a straightforward manner. This should not need a note.,0,5684B38EB58FD8BE75ABA37F0BE040EC70380B002ADF9DBDE2415CB32782EAEE,1655318986910,nan,nan,1721920068424,NEEDS_MORE_RATINGS,nan,nan,1674003109873.0,NEEDS_MORE_RATINGS,nan,nan,nan,nan,ExpansionPlusModel (v1.1),nan,-1,nan,nan,nan,28856277,nan
1537147343715282945,5684B38EB58FD8BE75ABA37F0BE040EC70380B002ADF9DBDE2415CB32782EAEE,1655319460217,1537080831751102467,MISINFORMED_OR_POTENTIALLY_MISLEADING,0,0,0,0,1,0,0,0,0,0,0,0,1,Teslas purchased after 12/31/19 are not eligible for US Federal tax credits because they exceeded the initial 200K eligible cars allowed a credit. States like CA have their own programs that issue rebates or credits but many have ended as well due to higher Tesla prices. https://cleanvehiclerebate.org/en/faqs/can-i-apply-rebate-my-tesla-model-3-or-tesla-model-y,0,5684B38EB58FD8BE75ABA37F0BE040EC70380B002ADF9DBDE2415CB32782EAEE,1655319460217,1655517959372.0,CURRENTLY_RATED_HELPFUL,1721920068424,CURRENTLY_RATED_HELPFUL,1655517959372.0,CURRENTLY_RATED_HELPFUL,1674003109873.0,CURRENTLY_RATED_HELPFUL,1660435200000.0,NEEDS_MORE_RATINGS,NEEDS_MORE_RATINGS,CURRENTLY_RATED_HELPFUL,GroupModel13 (v1.1),13.0,-1,nan,nan,nan,28856277,nan
1537204430730211328,5684B38EB58FD8BE75ABA37F0BE040EC70380B002ADF9DBDE2415CB32782EAEE,1655333070821,1537196168953974784,MISINFORMED_OR_POTENTIALLY_MISLEADING,0,1,0,1,1,1,0,0,0,0,0,0,1,The Jan 6th riots were encouraged by the sitting US President saying to his followers to &quot;stop the steal&quot; not just protest it. As well as laying groundwork well before.    https://www.nytimes.com/2021/01/10/us/trump-speech-riot.html    https://www.wsj.com/articles/trump-and-his-allies-set-the-stage-for-riot-well-before-january-6-11610156283    Four people in the crowd on Jan 6th died as well as five officers shortly after.     https://www.nytimes.com/2022/01/05/us/politics/jan-6-capitol-deaths.html,0,5684B38EB58FD8BE75ABA37F0BE040EC70380B002ADF9DBDE2415CB32782EAEE,1655333070821,nan,nan,1721920068424,NEEDS_MORE_RATINGS,nan,nan,1674003109873.0,NEEDS_MORE_RATINGS,nan,nan,nan,nan,ExpansionPlusModel (v1.1),nan,-1,nan,nan,nan,28856277,nan
1540422295029551104,5684B38EB58FD8BE75ABA37F0BE040EC70380B002ADF9DBDE2415CB32782EAEE,1656100269455,1540087463099736065,MISINFORMED_OR_POTENTIALLY_MISLEADING,0,1,0,0,1,1,0,0,0,0,0,0,1,"The Committee has been found by numerous courts to be constitutional &amp; is not losing the interest of the American people. CNN reports &lt; 20M viewers tuned in to Thursday's presentation about the Jan 6 attack, and it reached a far larger number through social and others.    https://www.cnn.com/2022/06/10/media/ratings-january-6-hearings/index.html",0,5684B38EB58FD8BE75ABA37F0BE040EC70380B002ADF9DBDE2415CB32782EAEE,1656100269455,nan,nan,1721920068424,NEEDS_MORE_RATINGS,nan,nan,1674003109873.0,NEEDS_MORE_RATINGS,nan,NEEDS_MORE_RATINGS,NEEDS_MORE_RATINGS,NEEDS_MORE_RATINGS,CoreModel (v1.1),13.0,-1,nan,nan,nan,28856277,nan
1586769867381669889,5684B38EB58FD8BE75ABA37F0BE040EC70380B002ADF9DBDE2415CB32782EAEE,1667150391800,1586411168880807936,NOT_MISLEADING,0,0,0,0,0,0,0,0,1,0,0,0,1,"Clinton is not alone in this claim, the F.B.I. has repeatedly said that extremist violence from right-wing actors is one of the biggest threats confronting the bureau.    https://www.nytimes.com/2022/08/13/nyregion/right-wing-rhetoric-threats-violence.html    Paul Pelosi’s attacker has written many racist, antisemitic and pro-Trump blog entries.    https://www.washingtonpost.com/politics/2022/10/29/paul-pelosi-attack-republicans-target/",0,5684B38EB58FD8BE75ABA37F0BE040EC70380B002ADF9DBDE2415CB32782EAEE,1667150391800,nan,nan,1721920068424,NEEDS_MORE_RATINGS,nan,nan,1674003109873.0,NEEDS_MORE_RATINGS,nan,NEEDS_MORE_RATINGS,NEEDS_MORE_RATINGS,NEEDS_MORE_RATINGS,CoreModel (v1.1),13.0,-1,nan,nan,nan,28856277,nan
1599066819402162177,5684B38EB58FD8BE75ABA37F0BE040EC70380B002ADF9DBDE2415CB32782EAEE,1670082213627,1598827733072560129,NOT_MISLEADING,0,0,0,0,0,0,0,0,0,0,0,1,0,"This tweet is a personal opinion, presumably about reporter Matt Taibbi’s release of previously confidential Twitter internal company communications as provided by Elon Musk.",0,5684B38EB58FD8BE75ABA37F0BE040EC70380B002ADF9DBDE2415CB32782EAEE,1670082213627,nan,nan,1721920068424,NEEDS_MORE_RATINGS,nan,nan,1674003109873.0,NEEDS_MORE_RATINGS,nan,NEEDS_MORE_RATINGS,NEEDS_MORE_RATINGS,NEEDS_MORE_RATINGS,CoreModel (v1.1),13.0,-1,nan,nan,nan,28856277,nan
1640795953472114688,5684B38EB58FD8BE75ABA37F0BE040EC70380B002ADF9DBDE2415CB32782EAEE,1680031214479,1640773789679230977,NOT_MISLEADING,0,0,0,0,0,0,0,0,1,0,0,0,1,"Between 1982 and March 2023, 73 out of the 141 mass shootings in the United States 73 were carried out by white shooters. 51% of all shootings.    https://www.npr.org/2021/03/27/981803154/why-nearly-all-mass-shooters-are-men    https://www.statista.com/statistics/476456/mass-shootings-in-the-us-by-shooter-s-race/",0,5684B38EB58FD8BE75ABA37F0BE040EC70380B002ADF9DBDE2415CB32782EAEE,1680031214479,nan,nan,1721920068424,NEEDS_MORE_RATINGS,nan,nan,1681241967970.0,NEEDS_MORE_RATINGS,nan,NEEDS_MORE_RATINGS,NEEDS_MORE_RATINGS,NEEDS_MORE_RATINGS,CoreModel (v1.1),13.0,-1,nan,nan,nan,28856277,nan
1780256247847248236,78B383AA66981F722CB82AACB24CF853937CAC0F680DDB590A65082CFEF93B8F,1713281139705,1779984568143282686,MISINFORMED_OR_POTENTIALLY_MISLEADING,0,0,0,0,1,0,0,0,0,0,0,0,1,"Article headline and tweet do not accurately reflect the content of the titled article. The headline and tweet say the bill bans protections for workers, but the article says the bill only prevents local jurisdictions from setting their protections—an important difference.    https://civileats.com/2024/03/20/florida-banned-farmworker-heat-protections-a-groundbreaking-partnership-offers-a-solution/",0,78B383AA66981F722CB82AACB24CF853937CAC0F680DDB590A65082CFEF93B8F,1713281139705,nan,nan,1721920068424,NEEDS_MORE_RATINGS,nan,nan,1714493252571.0,NEEDS_MORE_RATINGS,nan,nan,nan,nan,ExpansionPlusModel (v1.1),nan,-1,nan,nan,nan,28856277,nan
1799852710981988670,78B383AA66981F722CB82AACB24CF853937CAC0F680DDB590A65082CFEF93B8F,1717953300603,1799343662452932623,MISINFORMED_OR_POTENTIALLY_MISLEADING,0,1,0,0,0,0,0,0,0,0,0,0,1,"While Hitler died in April of 1945, the first free, post-war federal election in Germany didn't happen until 1949. And even then, it took place in a divided Germany. The first free election in a unified Germany occured in 1990.     https://en.wikipedia.org/wiki/1949_West_German_federal_election    https://en.wikipedia.org/wiki/1990_German_federal_election",0,78B383AA66981F722CB82AACB24CF853937CAC0F680DDB590A65082CFEF93B8F,1717953300603,nan,nan,1721920068424,NEEDS_MORE_RATINGS,nan,nan,1719167903276.0,NEEDS_MORE_RATINGS,nan,NEEDS_MORE_RATINGS,NEEDS_MORE_RATINGS,nan,CoreModel (v1.1),nan,-1,nan,nan,nan,28856277,nan
1853800992216944809,78B383AA66981F722CB82AACB24CF853937CAC0F680DDB590A65082CFEF93B8F,1730815573158,1853412554472603846,NOT_MISLEADING,0,0,0,0,0,0,0,0,1,0,0,0,1,"While women were granted right to vote in 1920 and the ratification of the 19th Amendment, local laws and practices made suffrage for Black woman nearly unheard of until the passage of the Civil Voting Rights Act of 1964.    https://naacp.org/find-resources/history-explained/legislative-milestones/voting-rights-act-1965    https://www.archives.gov/research/african-americans/vote",0,78B383AA66981F722CB82AACB24CF853937CAC0F680DDB590A65082CFEF93B8F,1730815573158,nan,nan,1731316751735,NEEDS_MORE_RATINGS,nan,nan,nan,nan,nan,nan,nan,NEEDS_MORE_RATINGS,CoreModel (v1.1),13.0,1730816789144,nan,nan,nan,28856277,nan
1817361605237313557,CAA3DEA7CFC07BD080F8BEFA3E6BC1575E6DE1BE2D3BBD051F7A42EE15011A12,1722127746292,1817211899894780374,MISINFORMED_OR_POTENTIALLY_MISLEADING,0,1,0,0,0,1,1,0,0,0,0,0,1,There is no evidence that Ronald Reagan said this. The quote has been fact checked by the Ronald Reagan Presidential Foundation and several news sources:  https://x.com/RonaldReagan/status/1286100976181473282  https://www.reuters.com/article/world/fact-checkno-evidence-ronald-reagan-saiddemocrats-will-restrict-freedoms--idUSKCN24N23C/  https://www.usatoday.com/story/news/factcheck/2020/07/21/fact-check-ronald-reagan-didnt-say-democrats-would-restrict-freedoms/5483006002/,0,CAA3DEA7CFC07BD080F8BEFA3E6BC1575E6DE1BE2D3BBD051F7A42EE15011A12,1722127746292,1722222749017.0,CURRENTLY_RATED_HELPFUL,1725714926632,CURRENTLY_RATED_HELPFUL,1722222749017.0,CURRENTLY_RATED_HELPFUL,1724498577349.0,CURRENTLY_RATED_HELPFUL,nan,CURRENTLY_RATED_HELPFUL,CURRENTLY_RATED_HELPFUL,nan,CoreModel (v1.1),nan,1722222749017,nan,nan,nan,28856277,nan
1817429637200269439,CAA3DEA7CFC07BD080F8BEFA3E6BC1575E6DE1BE2D3BBD051F7A42EE15011A12,1722143966376,1817349837936799804,MISINFORMED_OR_POTENTIALLY_MISLEADING,0,0,0,0,1,1,0,0,0,0,0,0,1,"Vance didn't create a business for the United States, but rather created a venture capital firm for himself &amp; his investors. His venture firm was directly responsible for few jobs &amp; likely paid little tax (to Ohio/US) by using QSBS &amp; carried interest loopholes.    https://www.politico.com/news/2022/10/30/jd-vance-job-creator-ohio-senate-00064119   https://www.wsj.com/politics/elections/vp-pick-jd-vance-short-career-venture-capitalist-b3d941e1  https://www.investopedia.com/terms/q/qsbs-qualified-small-business-stock.asp  https://carta.com/learn/private-funds/venture-capital/taxes/#carried-interest",0,CAA3DEA7CFC07BD080F8BEFA3E6BC1575E6DE1BE2D3BBD051F7A42EE15011A12,1722143966376,nan,nan,1730128747152,NEEDS_MORE_RATINGS,nan,nan,1723425456611.0,NEEDS_MORE_RATINGS,nan,nan,nan,nan,CoreModel (v1.1),nan,1722148373612,-1.0,nan,nan,28856277,nan
1592778879885709312,F6D9C6C3398C95AFEDAC6D58133DBA15A17A9BF191FD599F83C9D348F28557C5,1668583052022,1592776673891581952,MISINFORMED_OR_POTENTIALLY_MISLEADING,0,1,0,0,0,0,0,0,0,0,0,0,1,The name of the rocket is the Space Launch System (SLS). Artemis 1 is the name of the current un-crewed mission.    https://www.nasa.gov/artemis-1,0,F6D9C6C3398C95AFEDAC6D58133DBA15A17A9BF191FD599F83C9D348F28557C5,1668583052022,1668649351756.0,CURRENTLY_RATED_HELPFUL,1721920068424,NEEDS_MORE_RATINGS,1668649351756.0,CURRENTLY_RATED_HELPFUL,1674003109873.0,NEEDS_MORE_RATINGS,nan,NEEDS_MORE_RATINGS,NEEDS_MORE_RATINGS,NEEDS_MORE_RATINGS,CoreModel (v1.1),13.0,-1,nan,nan,nan,28856277,nan
1815397187695636869,2F3AA552C90A4FA7819249A93A69C245402D355385F858C4E4C610D8A6C777FC,1721659392653,1815357148949299469,MISINFORMED_OR_POTENTIALLY_MISLEADING,0,0,0,0,1,0,0,0,0,0,0,0,1,"Harris is voor het recht op abortus, maar de claim dat zij een wet wil die abortus wil toestaan tot het moment van geboorte is onjuist. Harris noemde deze door Republikeinen verzonnen claim 'Belachelijk'. https://eu.usatoday.com/story/news/politics/2023/09/10/harris-rejects-gop-democrats-abortion-rights-until-birth/70817196007/",0,2F3AA552C90A4FA7819249A93A69C245402D355385F858C4E4C610D8A6C777FC,1721659392653,1722453636515.0,CURRENTLY_RATED_HELPFUL,1727367341449,NEEDS_MORE_RATINGS,1722453636515.0,CURRENTLY_RATED_HELPFUL,1727367341449.0,NEEDS_MORE_RATINGS,nan,nan,nan,CURRENTLY_RATED_HELPFUL,CoreModel (v1.1),11.0,1722709004395,-1.0,nan,nan,28856277,nan
1821853887860551934,2F3AA552C90A4FA7819249A93A69C245402D355385F858C4E4C610D8A6C777FC,1723198789931,1821619308126249425,MISINFORMED_OR_POTENTIALLY_MISLEADING,0,1,0,0,1,0,0,0,0,0,0,0,1,De foto is van begin jaren negentig. https://www.gettyimages.nl/detail/nieuwsfoto%27s/women-sunbathing-on-ipanema-beach-rio-de-janeiro-circa-nieuwsfotos/80030228,0,2F3AA552C90A4FA7819249A93A69C245402D355385F858C4E4C610D8A6C777FC,1723198789931,nan,nan,1727367341449,NEEDS_MORE_RATINGS,nan,nan,1727367341449.0,NEEDS_MORE_RATINGS,nan,NEEDS_MORE_RATINGS,NEEDS_MORE_RATINGS,NEEDS_MORE_RATINGS,CoreModel (v1.1),11.0,1723214798852,-1.0,nan,nan,28856277,nan
1821899998956569058,2F3AA552C90A4FA7819249A93A69C245402D355385F858C4E4C610D8A6C777FC,1723209783675,1821831757844324852,MISINFORMED_OR_POTENTIALLY_MISLEADING,0,0,0,0,1,0,0,0,0,0,0,0,1,Uit ander onderzoek blijkt juist dat coronavaccins veilig en zeer effectief zijn.   https://scientias.nl/grootste-studie-ooit-toont-aan-hoe-ongelooflijk-effectief-de-coronavaccins-waren-en-zijn/  https://www.medischcontact.nl/actueel/laatste-nieuws/nieuwsartikel/real-world-evidence-bevestigt-vaccins-tegen-covid-19-veilig-en-effectief,0,2F3AA552C90A4FA7819249A93A69C245402D355385F858C4E4C610D8A6C777FC,1723209783675,nan,nan,1727367341449,NEEDS_MORE_RATINGS,nan,nan,1727367341449.0,NEEDS_MORE_RATINGS,nan,NEEDS_MORE_RATINGS,nan,NEEDS_MORE_RATINGS,CoreModel (v1.1),11.0,1723214798852,-1.0,nan,nan,28856277,nan
1831241891850887217,2F3AA552C90A4FA7819249A93A69C245402D355385F858C4E4C610D8A6C777FC,1725437064569,1830934160946667639,NOT_MISLEADING,0,0,0,0,0,0,0,1,0,0,0,0,0,De auteur linkt zonder verdere uitleg naar een opiniestuk dat hij heeft geschreven. Dat de krant het stuk heeft gecorrigeerd doet niet ter zake en hoeft niet in een community note uitgelegd te worden.,0,2F3AA552C90A4FA7819249A93A69C245402D355385F858C4E4C610D8A6C777FC,1725437064569,nan,nan,1730318776040,NEEDS_MORE_RATINGS,nan,nan,1727367341449.0,NEEDS_MORE_RATINGS,nan,nan,nan,NEEDS_MORE_RATINGS,CoreModel (v1.1),11.0,1725455763007,-1.0,nan,nan,28856277,nan
1831241892702404684,2F3AA552C90A4FA7819249A93A69C245402D355385F858C4E4C610D8A6C777FC,1725437064705,1830934160946667639,NOT_MISLEADING,0,0,0,0,0,0,0,1,0,0,0,0,0,De auteur linkt zonder verdere uitleg naar een opiniestuk dat hij heeft geschreven. Dat de krant het stuk heeft gecorrigeerd doet niet ter zake en hoeft niet in een community note uitgelegd te worden.,0,2F3AA552C90A4FA7819249A93A69C245402D355385F858C4E4C610D8A6C777FC,1725437064705,nan,nan,1730318776040,NEEDS_MORE_RATINGS,nan,nan,1727367341449.0,NEEDS_MORE_RATINGS,nan,nan,nan,NEEDS_MORE_RATINGS,CoreModel (v1.1),11.0,1725443733732,-1.0,nan,nan,28856277,nan
1535128588818653184,EBE1D39152E086F5D771B669B9FCFC7709B404D15529CFD74A637CEC019EDFC0,1654838151541,1535062308426510337,MISINFORMED_OR_POTENTIALLY_MISLEADING,0,0,0,0,1,0,1,0,0,0,0,0,1,This refers to the January 6th hearing. Which is happening right now. The news about the hearing is very current. This appears to be an attempt to delegitimize the hearing by downplaying its relevance.    https://www.cnn.com/2022/06/09/politics/jan-6-hearing-takeaways-thursday/index.html,0,EBE1D39152E086F5D771B669B9FCFC7709B404D15529CFD74A637CEC019EDFC0,1654838151541,1664298863750.0,CURRENTLY_RATED_HELPFUL,1721920068424,NEEDS_MORE_RATINGS,1664298863750.0,CURRENTLY_RATED_HELPFUL,1674003109873.0,NEEDS_MORE_RATINGS,nan,NEEDS_MORE_RATINGS,NEEDS_MORE_RATINGS,NEEDS_MORE_RATINGS,CoreModel (v1.1),13.0,-1,nan,nan,nan,28856277,nan
1564988898605862912,EBE1D39152E086F5D771B669B9FCFC7709B404D15529CFD74A637CEC019EDFC0,1661957404173,1564818029388734465,MISINFORMED_OR_POTENTIALLY_MISLEADING,0,0,0,0,1,0,1,0,0,0,0,0,0,"The tweet focuses on an item that is not the main point or intent of the photo as a means of deflecting, spreading doubt, and downplaying the goal of the original message. The author is selectively choosing facts to tell a narrative in their favor. ",0,EBE1D39152E086F5D771B669B9FCFC7709B404D15529CFD74A637CEC019EDFC0,1661957404173,nan,nan,1721920068424,NEEDS_MORE_RATINGS,nan,nan,1674003109873.0,NEEDS_MORE_RATINGS,nan,NEEDS_MORE_RATINGS,NEEDS_MORE_RATINGS,NEEDS_MORE_RATINGS,CoreModel (v1.1),13.0,-1,nan,nan,nan,28856277,nan
1567625460703690752,EBE1D39152E086F5D771B669B9FCFC7709B404D15529CFD74A637CEC019EDFC0,1662586009561,1567263622870564865,MISINFORMED_OR_POTENTIALLY_MISLEADING,0,1,0,0,1,1,1,0,0,0,0,0,0,"No one has used the words &quot;going green&quot;, &quot;sustainable&quot;, or &quot;renewable&quot; to describe &quot;poor people starving to death in their beds&quot;. Mr. Kelly is tying his opposition to renewable energy to something unrelated. This tweet is inaccurate at best, and deliberately misleading at worst.",0,EBE1D39152E086F5D771B669B9FCFC7709B404D15529CFD74A637CEC019EDFC0,1662586009561,1664298863750.0,CURRENTLY_RATED_NOT_HELPFUL,1721920068424,NEEDS_MORE_RATINGS,1664298863750.0,CURRENTLY_RATED_NOT_HELPFUL,1674003109873.0,NEEDS_MORE_RATINGS,nan,NEEDS_MORE_RATINGS,NEEDS_MORE_RATINGS,NEEDS_MORE_RATINGS,CoreModel (v1.1),13.0,-1,nan,nan,nan,28856277,nan
1701837464359624879,EBE1D39152E086F5D771B669B9FCFC7709B404D15529CFD74A637CEC019EDFC0,1694584644771,1701643915659731323,MISINFORMED_OR_POTENTIALLY_MISLEADING,0,0,0,0,1,1,0,0,0,0,0,0,1,"This tweet is represented as news when, in fact, it's an opinion by the poster. Reading the details of the case provides additional context that explains why the sentence was handed out. The tweet implies punishment was political when the facts of the case say otherwise. https://apnews.com/article/owen-shroyer-infowars-capitol-riot-sentencing-11cb087e9716061591fd46b6861c4c1c",0,EBE1D39152E086F5D771B669B9FCFC7709B404D15529CFD74A637CEC019EDFC0,1694584644771,nan,nan,1721920068424,NEEDS_MORE_RATINGS,nan,nan,1695796754521.0,NEEDS_MORE_RATINGS,nan,NEEDS_MORE_RATINGS,NEEDS_MORE_RATINGS,nan,CoreModel (v1.1),nan,-1,nan,nan,nan,28856277,nan
1755467837345558718,18F36FB51568FF6EC7F534AC8389090230FF8227AD78C392D47238E354C026D5,1707371122097,1753389533616538058,MISINFORMED_OR_POTENTIALLY_MISLEADING,0,1,0,1,1,1,0,0,0,0,0,0,1,Martini Blue is an unreleased track by both NCT Haechan and NCT Taeil. Not just Haechan.    https://twitter.com/skyblue6104/status/1754537394513285135?t=hDqTOUISKgNNdOqCJtxOAA&amp;s=19,0,18F36FB51568FF6EC7F534AC8389090230FF8227AD78C392D47238E354C026D5,1707371122097,nan,nan,1721920068424,NEEDS_MORE_RATINGS,nan,nan,1708581244631.0,NEEDS_MORE_RATINGS,nan,NEEDS_MORE_RATINGS,NEEDS_MORE_RATINGS,NEEDS_MORE_RATINGS,CoreModel (v1.1),14.0,-1,nan,nan,nan,28856277,nan
1761664490087866760,18F36FB51568FF6EC7F534AC8389090230FF8227AD78C392D47238E354C026D5,1708848519239,1761408637657027036,MISINFORMED_OR_POTENTIALLY_MISLEADING,0,0,0,1,1,1,0,0,0,0,0,0,1,The accused himself admitted he is guilty of wrong doing.    https://youtu.be/mu1-KuXMQKc?si=gawQPAYg9bvcrk4o,0,18F36FB51568FF6EC7F534AC8389090230FF8227AD78C392D47238E354C026D5,1708848519239,nan,nan,1721920068424,NEEDS_MORE_RATINGS,nan,nan,1710060736403.0,NEEDS_MORE_RATINGS,nan,nan,nan,nan,ExpansionPlusModel (v1.1),nan,-1,nan,nan,nan,28856277,nan
1763005074870259781,18F36FB51568FF6EC7F534AC8389090230FF8227AD78C392D47238E354C026D5,1709168139556,1762789289035751782,MISINFORMED_OR_POTENTIALLY_MISLEADING,0,0,0,0,1,1,0,0,0,0,0,0,1,Duterte implied Marcos is always high on drugs in a speech he delivered during a prayer rally in Davao City on January 28.    https://www.rappler.com/nation/mindanao/foul-mouthed-duterte-cusses-marcos-calls-him-drug-addict/,0,18F36FB51568FF6EC7F534AC8389090230FF8227AD78C392D47238E354C026D5,1709168139556,nan,nan,1721920068424,NEEDS_MORE_RATINGS,nan,nan,nan,nan,nan,nan,NEEDS_MORE_RATINGS,nan,ExpansionModel (v1.1),nan,-1,nan,nan,nan,28856277,nan
1764592373097722103,18F36FB51568FF6EC7F534AC8389090230FF8227AD78C392D47238E354C026D5,1709546580944,1764354551086288946,MISINFORMED_OR_POTENTIALLY_MISLEADING,0,1,0,1,1,1,0,0,0,0,0,0,1,This quote is from KPop Idol Gyuri of Kara.    https://twitter.com/kingnuest/status/1764459880440533383,0,18F36FB51568FF6EC7F534AC8389090230FF8227AD78C392D47238E354C026D5,1709546580944,1709572908077.0,CURRENTLY_RATED_HELPFUL,1731110760759,CURRENTLY_RATED_HELPFUL,1709572908077.0,CURRENTLY_RATED_HELPFUL,nan,nan,nan,nan,CURRENTLY_RATED_HELPFUL,nan,ExpansionModel (v1.1),nan,1730871010913,-1.0,nan,nan,28856277,1728109966651.0
1764905954628514140,18F36FB51568FF6EC7F534AC8389090230FF8227AD78C392D47238E354C026D5,1709621344607,1764682336728199477,MISINFORMED_OR_POTENTIALLY_MISLEADING,0,1,0,0,1,1,0,0,0,0,0,0,1,Christian Horner is accused of inappropriate behavior by an employee of Red Bull Racing.    https://www.bbc.com/sport/formula1/68205305,0,18F36FB51568FF6EC7F534AC8389090230FF8227AD78C392D47238E354C026D5,1709621344607,nan,nan,1721920068424,NEEDS_MORE_RATINGS,nan,nan,1710836992919.0,NEEDS_MORE_RATINGS,nan,NEEDS_MORE_RATINGS,NEEDS_MORE_RATINGS,NEEDS_MORE_RATINGS,CoreModel (v1.1),14.0,-1,nan,nan,nan,28856277,nan
1766006268546924994,18F36FB51568FF6EC7F534AC8389090230FF8227AD78C392D47238E354C026D5,1709883679888,1765785963576594788,MISINFORMED_OR_POTENTIALLY_MISLEADING,0,1,0,1,1,1,0,0,0,0,0,0,1,The K-12 Program of the Philippine education system will not be abolished.    https://www.sunstar.com.ph/cebu/k-12-program-wont-be-abolished-says-deped-official,0,18F36FB51568FF6EC7F534AC8389090230FF8227AD78C392D47238E354C026D5,1709883679888,nan,nan,1721920068424,NEEDS_MORE_RATINGS,nan,nan,nan,nan,nan,nan,NEEDS_MORE_RATINGS,nan,ExpansionModel (v1.1),nan,-1,nan,nan,nan,28856277,nan
1766085119465631792,18F36FB51568FF6EC7F534AC8389090230FF8227AD78C392D47238E354C026D5,1709902479413,1766075744453529854,MISINFORMED_OR_POTENTIALLY_MISLEADING,0,0,0,0,0,1,0,0,0,0,0,0,1,"This is an unverified claim.    Lucas Wong, in fact, confessed to committing a wrongdoing.    https://youtu.be/mu1-KuXMQKc?si=ILaW5WncnxYQowv2",0,18F36FB51568FF6EC7F534AC8389090230FF8227AD78C392D47238E354C026D5,1709902479413,nan,nan,1721920068424,NEEDS_MORE_RATINGS,nan,nan,1711112715490.0,NEEDS_MORE_RATINGS,nan,nan,NEEDS_MORE_RATINGS,nan,ExpansionModel (v1.1),nan,-1,nan,nan,nan,28856277,nan
1766884379778011317,18F36FB51568FF6EC7F534AC8389090230FF8227AD78C392D47238E354C026D5,1710093037920,1766478546883559806,MISINFORMED_OR_POTENTIALLY_MISLEADING,0,1,0,0,0,1,0,0,0,0,0,0,1,SHINee has performed Everybody with the same choreography since 2013 until recently because only 3 members participated in the latest concert tour.    https://youtu.be/BIAErvZeCP4?si=ZQgd-MNWAU7vboA5,0,18F36FB51568FF6EC7F534AC8389090230FF8227AD78C392D47238E354C026D5,1710093037920,nan,nan,1721920068424,NEEDS_MORE_RATINGS,nan,nan,1711305874439.0,NEEDS_MORE_RATINGS,nan,NEEDS_MORE_RATINGS,NEEDS_MORE_RATINGS,NEEDS_MORE_RATINGS,CoreModel (v1.1),13.0,-1,nan,nan,nan,28856277,nan
1767087945474101317,18F36FB51568FF6EC7F534AC8389090230FF8227AD78C392D47238E354C026D5,1710141571766,1766894121753755829,MISINFORMED_OR_POTENTIALLY_MISLEADING,0,0,0,1,1,1,0,0,0,0,0,0,1,This user is a rumor monger who creates unfounded rumors and destroys the careers of kpop idols and celebrities.    &quot;The South Korean constitution recognizes data privacy as a fundamental human right.&quot;    https://blog.didomi.io/south-korea-pipa-everything-you-need-to-know,0,18F36FB51568FF6EC7F534AC8389090230FF8227AD78C392D47238E354C026D5,1710141571766,nan,nan,1721920068424,NEEDS_MORE_RATINGS,nan,nan,1711352542003.0,NEEDS_MORE_RATINGS,nan,NEEDS_MORE_RATINGS,NEEDS_MORE_RATINGS,nan,CoreModel (v1.1),nan,-1,nan,nan,nan,28856277,nan
1769687389478515161,18F36FB51568FF6EC7F534AC8389090230FF8227AD78C392D47238E354C026D5,1710761327511,1769616347837890796,MISINFORMED_OR_POTENTIALLY_MISLEADING,0,1,0,0,1,1,0,0,0,0,0,0,1,There was massive corruption and abuse of power during Martial Law. Even within the Armed Forces of the Philippines.   https://www.bulatlat.com/news/3-32/3-32-afp.html,0,18F36FB51568FF6EC7F534AC8389090230FF8227AD78C392D47238E354C026D5,1710761327511,nan,nan,1721920068424,NEEDS_MORE_RATINGS,nan,nan,nan,nan,nan,nan,NEEDS_MORE_RATINGS,nan,ExpansionModel (v1.1),nan,-1,nan,nan,nan,28856277,nan
1775235283388436660,18F36FB51568FF6EC7F534AC8389090230FF8227AD78C392D47238E354C026D5,1712084048495,1775043195681788312,MISINFORMED_OR_POTENTIALLY_MISLEADING,0,1,0,1,1,1,0,0,0,0,0,0,1,K-pop as a whole is known as an amalgamation of music styles from around the globe and the poster child of the genre’s experimentalism is none other than Girls’ Generation’s “I Got A Boy.”    Source: https://www.billboard.com/music/music-news/girls-generation-singles-ranked-worst-to-best-stream-7898154/,0,18F36FB51568FF6EC7F534AC8389090230FF8227AD78C392D47238E354C026D5,1712084048495,nan,nan,1721920068424,NEEDS_MORE_RATINGS,nan,nan,nan,nan,nan,nan,NEEDS_MORE_RATINGS,nan,ExpansionModel (v1.1),nan,-1,nan,nan,nan,28856277,nan
1778978821632627173,18F36FB51568FF6EC7F534AC8389090230FF8227AD78C392D47238E354C026D5,1712976577563,1778663537776402616,MISINFORMED_OR_POTENTIALLY_MISLEADING,0,1,0,0,0,1,0,0,0,0,0,0,1,The Chinese government and the China Embassy  insist on the existence of a “gentleman’s agreement” made during former president Rodrigo Duterte’s tenure.    https://www.google.com/amp/s/globalnation.inquirer.net/231491/china-on-gentlemans-agreement/amp,0,18F36FB51568FF6EC7F534AC8389090230FF8227AD78C392D47238E354C026D5,1712976577563,nan,nan,1721920068424,NEEDS_MORE_RATINGS,nan,nan,nan,nan,nan,nan,NEEDS_MORE_RATINGS,nan,ExpansionModel (v1.1),nan,-1,nan,nan,nan,28856277,nan
1784445665311093057,18F36FB51568FF6EC7F534AC8389090230FF8227AD78C392D47238E354C026D5,1714279974663,1783549905425908174,MISINFORMED_OR_POTENTIALLY_MISLEADING,0,1,0,0,1,1,0,0,0,0,0,0,1,BOA and Lee Sooman are talking about BOA's USA debut in 2008.     https://youtu.be/ZAE4DZZnb2M?si=OpdpJjC0v4Z4rO-x,0,18F36FB51568FF6EC7F534AC8389090230FF8227AD78C392D47238E354C026D5,1714279974663,1714313030627.0,CURRENTLY_RATED_HELPFUL,1721920068424,CURRENTLY_RATED_HELPFUL,1714313030627.0,CURRENTLY_RATED_HELPFUL,nan,nan,nan,nan,CURRENTLY_RATED_HELPFUL,nan,ExpansionModel (v1.1),nan,-1,nan,nan,nan,28856277,nan
1801229597528457357,18F36FB51568FF6EC7F534AC8389090230FF8227AD78C392D47238E354C026D5,1718281575936,1801077175086616862,MISINFORMED_OR_POTENTIALLY_MISLEADING,0,1,0,0,0,0,1,0,0,0,0,0,1,The post claims the MV was reposted due to a dead body spotted in the first upload. The MV is not a reupload. There is no such incident.    https://youtu.be/SH84Pir3QhA?si=to9Zk34WYwOsE7Ej,0,18F36FB51568FF6EC7F534AC8389090230FF8227AD78C392D47238E354C026D5,1718281575936,nan,nan,1721920068424,NEEDS_MORE_RATINGS,nan,nan,1719493280729.0,NEEDS_MORE_RATINGS,nan,NEEDS_MORE_RATINGS,NEEDS_MORE_RATINGS,nan,CoreModel (v1.1),nan,-1,nan,nan,nan,28856277,nan
1807801430918799752,18F36FB51568FF6EC7F534AC8389090230FF8227AD78C392D47238E354C026D5,1719848423118,1807642401500213530,MISINFORMED_OR_POTENTIALLY_MISLEADING,0,1,0,0,0,1,1,0,0,0,0,0,1,This is not verified and there is no source that will verify this claim.    https://www.olympic.ph/,0,18F36FB51568FF6EC7F534AC8389090230FF8227AD78C392D47238E354C026D5,1719848423118,nan,nan,1721920068424,NEEDS_MORE_RATINGS,nan,nan,nan,nan,nan,nan,NEEDS_MORE_RATINGS,nan,ExpansionModel (v1.1),nan,-1,nan,nan,nan,28856277,nan
1824371411286364529,18F36FB51568FF6EC7F534AC8389090230FF8227AD78C392D47238E354C026D5,1723799014289,1824180668416528788,MISINFORMED_OR_POTENTIALLY_MISLEADING,0,1,0,0,1,1,0,0,0,0,0,0,1,Taemin was one of the first KPop idols who debuted as soloist. He debuted as a soloist in 2014 and has since been known for his unique music style that has inspired many kpop idols.    https://www.usatoday.com/story/entertainment/music/2023/11/07/taemin-interview-profile-shinee/71318320007/,0,18F36FB51568FF6EC7F534AC8389090230FF8227AD78C392D47238E354C026D5,1723799014289,1723839418781.0,CURRENTLY_RATED_HELPFUL,1726116677563,NEEDS_MORE_RATINGS,1723839418781.0,CURRENTLY_RATED_HELPFUL,1725009001183.0,NEEDS_MORE_RATINGS,nan,NEEDS_MORE_RATINGS,nan,nan,CoreModel (v1.1),nan,1723842467402,-1.0,nan,nan,28856277,nan
1825200901424132597,18F36FB51568FF6EC7F534AC8389090230FF8227AD78C392D47238E354C026D5,1723996780150,1824872667788325212,MISINFORMED_OR_POTENTIALLY_MISLEADING,0,1,0,0,0,1,0,0,0,0,0,0,1,"Taemin debuted as a soloist in 2014, established his own style and carved his own niche in the KPop industry. His style has inspired many KPop idol groups and soloists, including Jimin of BTS.    Jimin has, in fact, done styles similar to Taemin but Taemin did it first.    https://x.com/hottuck99/status/1825131624524386478",0,18F36FB51568FF6EC7F534AC8389090230FF8227AD78C392D47238E354C026D5,1723996780150,nan,nan,1727367341449,NEEDS_MORE_RATINGS,nan,nan,1727367341449.0,NEEDS_MORE_RATINGS,nan,nan,nan,nan,CoreModel (v1.1),nan,1723998138979,-1.0,nan,nan,28856277,nan
1827956017717784697,18F36FB51568FF6EC7F534AC8389090230FF8227AD78C392D47238E354C026D5,1724653651061,1827675549432426645,MISINFORMED_OR_POTENTIALLY_MISLEADING,0,1,0,0,1,1,0,0,0,0,0,0,1,This is not a People Power Revolution. This is a rally by supporters of Apollo Quiboloy of the Kingdom of Jesus Christ (KJC). Quiboloy is facing charges of human trafficking and child abuse.    https://newsinfo.inquirer.net/1976655/3-apollo-quiboloy-supporters-arrested-for-assaulting-cops,0,18F36FB51568FF6EC7F534AC8389090230FF8227AD78C392D47238E354C026D5,1724653651061,nan,nan,1725812418844,NEEDS_MORE_RATINGS,nan,nan,nan,nan,nan,nan,NEEDS_MORE_RATINGS,nan,ExpansionModel (v1.1),nan,1724655138698,nan,nan,nan,28856277,nan
1839912219796222091,18F36FB51568FF6EC7F534AC8389090230FF8227AD78C392D47238E354C026D5,1727504231772,1839630842076729575,MISINFORMED_OR_POTENTIALLY_MISLEADING,0,0,0,0,1,1,0,0,0,0,0,0,1,"There is no proof or evidence of the accusation that &quot;tibaks&quot; have defended Alice Guo.    In fact, &quot;tibak organizations&quot; have opposed POGOs for years now.    https://x.com/albalnce/status/1839836293712490775",0,18F36FB51568FF6EC7F534AC8389090230FF8227AD78C392D47238E354C026D5,1727504231772,1727520699417.0,CURRENTLY_RATED_NOT_HELPFUL,1728791111026,NEEDS_MORE_RATINGS,1727520699417.0,CURRENTLY_RATED_NOT_HELPFUL,nan,nan,nan,nan,nan,nan,ExpansionModel (v1.1),nan,1727522426112,nan,nan,nan,28856277,nan
1850599677424812461,18F36FB51568FF6EC7F534AC8389090230FF8227AD78C392D47238E354C026D5,1730052320234,1849905948044730679,MISINFORMED_OR_POTENTIALLY_MISLEADING,0,1,0,1,1,1,0,0,0,0,0,0,1,"&quot;On February 22, K-pop veterans and icons SHINee released the video for their title track “Don’t Call Me.” The comeback for the group has been highly anticipated ever since the oldest three members — Onew, Key, and Minho — returned from military enlistment.&quot; https://www.teenvogue.com/story/shinee-returns-with-dont-call-me-mv-new-album",0,18F36FB51568FF6EC7F534AC8389090230FF8227AD78C392D47238E354C026D5,1730052320234,1730102054994.0,CURRENTLY_RATED_HELPFUL,1731248796754,CURRENTLY_RATED_HELPFUL,1730102054994.0,CURRENTLY_RATED_HELPFUL,nan,nan,nan,nan,CURRENTLY_RATED_HELPFUL,nan,ExpansionModel (v1.1),nan,1730102054994,-1.0,nan,nan,28856277,1730099991359.0
1575594018691420160,DEB44EE644DD2F0AB97021D46CD7ABE322BF0199CDC38BB0DE6A30FD2047BA2A,1664485861834,1575590534529556480,NOT_MISLEADING,0,0,0,0,0,0,0,0,1,0,0,0,1,This may be the first public demonstration of the post-publishing tweet editing capabilities that Twitter — after months (if not years) of diligent work and effort — is planning to release to Twitter users who subscribe to the Twitter Blue service.    https://blog.twitter.com/en_us/topics/product/2022/twitter-new-edit-tweet-feature-only-test,0,DEB44EE644DD2F0AB97021D46CD7ABE322BF0199CDC38BB0DE6A30FD2047BA2A,1664485861834,nan,nan,1721920068424,NEEDS_MORE_RATINGS,nan,nan,1674003109873.0,NEEDS_MORE_RATINGS,nan,nan,nan,nan,ExpansionPlusModel (v1.1),nan,-1,nan,nan,nan,28856277,nan
1578618008687157248,DEB44EE644DD2F0AB97021D46CD7ABE322BF0199CDC38BB0DE6A30FD2047BA2A,1665206837232,1578414565058281473,MISINFORMED_OR_POTENTIALLY_MISLEADING,0,1,0,0,1,1,0,0,0,0,0,0,1,"There is more context relevant here to explain the Starlink outages, including information that is classified, and it should be considered that occupation of territory in these areas is currently contested. https://twitter.com/elonmusk/status/1578433482757271552",0,DEB44EE644DD2F0AB97021D46CD7ABE322BF0199CDC38BB0DE6A30FD2047BA2A,1665206837232,nan,nan,1721920068424,NEEDS_MORE_RATINGS,nan,nan,1674003109873.0,NEEDS_MORE_RATINGS,nan,NEEDS_MORE_RATINGS,NEEDS_MORE_RATINGS,NEEDS_MORE_RATINGS,CoreModel (v1.1),13.0,-1,nan,nan,nan,28856277,nan
1588904247373881345,DEB44EE644DD2F0AB97021D46CD7ABE322BF0199CDC38BB0DE6A30FD2047BA2A,1667659267645,1588611335491026944,MISINFORMED_OR_POTENTIALLY_MISLEADING,0,1,0,0,1,1,0,0,0,0,0,0,0,"The note did not &quot;disappear&quot;; it still exists, it is just not shown currently due to engagement, votes, or other factors considered by the Birdwatch program.    The language implies it was censored because it contradicted Elon Musk's point, but that can not be confirmed.",0,DEB44EE644DD2F0AB97021D46CD7ABE322BF0199CDC38BB0DE6A30FD2047BA2A,1667659267645,nan,nan,1721920068424,NEEDS_MORE_RATINGS,nan,nan,1674003109873.0,NEEDS_MORE_RATINGS,nan,NEEDS_MORE_RATINGS,NEEDS_MORE_RATINGS,NEEDS_MORE_RATINGS,CoreModel (v1.1),13.0,-1,nan,nan,nan,28856277,nan
1591119055103983616,DEB44EE644DD2F0AB97021D46CD7ABE322BF0199CDC38BB0DE6A30FD2047BA2A,1668187318957,1588661987701313537,MISINFORMED_OR_POTENTIALLY_MISLEADING,0,0,0,1,0,0,0,0,0,0,0,0,1,Yoel Roth is no longer the head of  Twitter’s Trust &amp; Safety as of Nov 10.     https://www.bloomberg.com/news/articles/2022-11-10/musk-tells-twitter-staff-social-network-s-bankruptcy-is-possible,0,DEB44EE644DD2F0AB97021D46CD7ABE322BF0199CDC38BB0DE6A30FD2047BA2A,1668187318957,1668224381985.0,CURRENTLY_RATED_HELPFUL,1721920068424,NEEDS_MORE_RATINGS,1668224381985.0,CURRENTLY_RATED_HELPFUL,1674003109873.0,NEEDS_MORE_RATINGS,nan,NEEDS_MORE_RATINGS,NEEDS_MORE_RATINGS,NEEDS_MORE_RATINGS,CoreModel (v1.1),13.0,-1,nan,nan,nan,28856277,nan
1594777261995171846,DEB44EE644DD2F0AB97021D46CD7ABE322BF0199CDC38BB0DE6A30FD2047BA2A,1669059503446,1594429003569438721,MISINFORMED_OR_POTENTIALLY_MISLEADING,0,1,1,0,0,1,1,0,0,0,0,0,1,"SuperFollow subscription pricing can not be changed; if it changed, then the SuperFollower must reconfirm their subscription at the new price.     See this screenshot: https://twitter.com/chrismessina/status/1594776235615612928",0,DEB44EE644DD2F0AB97021D46CD7ABE322BF0199CDC38BB0DE6A30FD2047BA2A,1669059503446,1669095974299.0,CURRENTLY_RATED_HELPFUL,1721920068424,CURRENTLY_RATED_HELPFUL,1669095974299.0,CURRENTLY_RATED_HELPFUL,1674003109873.0,CURRENTLY_RATED_HELPFUL,nan,NEEDS_MORE_RATINGS,NEEDS_MORE_RATINGS,CURRENTLY_RATED_HELPFUL,GroupModel13 (v1.1),13.0,-1,nan,nan,nan,28856277,nan
1653518980357967873,DEB44EE644DD2F0AB97021D46CD7ABE322BF0199CDC38BB0DE6A30FD2047BA2A,1683064620472,1653295426697846784,MISINFORMED_OR_POTENTIALLY_MISLEADING,0,1,0,0,1,0,0,0,0,0,0,0,1,"This tweet links to @chrismessina, who is an open source advocate, according to Wikipedia, and not an actor.     https://en.wikipedia.org/wiki/Chris_Messina_(open-source_advocate)",0,DEB44EE644DD2F0AB97021D46CD7ABE322BF0199CDC38BB0DE6A30FD2047BA2A,1683064620472,nan,nan,1721920068424,NEEDS_MORE_RATINGS,nan,nan,1684275134199.0,NEEDS_MORE_RATINGS,nan,nan,nan,nan,ExpansionPlusModel (v1.1),nan,-1,nan,nan,nan,28856277,nan
1671604373598900225,DEB44EE644DD2F0AB97021D46CD7ABE322BF0199CDC38BB0DE6A30FD2047BA2A,1687376514229,1671531030530883584,MISINFORMED_OR_POTENTIALLY_MISLEADING,0,0,1,0,0,0,1,0,0,0,0,0,1,The author explains that he altered the text of the original tweet.     https://twitter.com/mikedrucker/status/1671532123897970689,0,DEB44EE644DD2F0AB97021D46CD7ABE322BF0199CDC38BB0DE6A30FD2047BA2A,1687376514229,nan,nan,1721920068424,NEEDS_MORE_RATINGS,nan,nan,1688588037283.0,NEEDS_MORE_RATINGS,nan,NEEDS_MORE_RATINGS,NEEDS_MORE_RATINGS,nan,CoreModel (v1.1),nan,-1,nan,nan,nan,28856277,nan
1354870745806086150,2A5DBB8B280054B18A427BD149694EB46CD5CF7E5CB8CF8AF7BAFC888C316EC8,1611861332737,1353031711349739523,MISINFORMED_OR_POTENTIALLY_MISLEADING,0,1,1,0,1,0,1,0,0,0,0,0,1,"This is a image of a Tweet that never occured, the @blklivesmatter account never tweeted this at this time and date, we checked immediately after this post was published.     https://twitter.com/search?q=i%27m%20starting%20to%20get%20the%20feelin%27%20(from%3Ablklivesmatter)&amp;src=typed_query",0,2A5DBB8B280054B18A427BD149694EB46CD5CF7E5CB8CF8AF7BAFC888C316EC8,1611861332737,nan,nan,1721920068424,NEEDS_MORE_RATINGS,nan,nan,1674003109873.0,NEEDS_MORE_RATINGS,nan,nan,nan,nan,ExpansionPlusModel (v1.1),nan,-1,nan,nan,nan,28856277,nan
1355716996760023041,2A5DBB8B280054B18A427BD149694EB46CD5CF7E5CB8CF8AF7BAFC888C316EC8,1612063094689,1355643797280083973,MISINFORMED_OR_POTENTIALLY_MISLEADING,0,1,0,0,1,0,0,0,0,0,0,0,1,BLM as an organization is not a terrorist organization. Approximately 93 percent of recent BLM protests were peaceful. The national organization specifically calls for peaceful protest. https://acleddata.com/2020/09/03/demonstrations-political-violence-in-america-new-data-for-summer-2020/,0,2A5DBB8B280054B18A427BD149694EB46CD5CF7E5CB8CF8AF7BAFC888C316EC8,1612063094689,nan,nan,1721920068424,NEEDS_MORE_RATINGS,nan,nan,1674003109873.0,NEEDS_MORE_RATINGS,nan,nan,nan,nan,ExpansionPlusModel (v1.1),nan,-1,nan,nan,nan,28856277,nan
1355989178622816256,2A5DBB8B280054B18A427BD149694EB46CD5CF7E5CB8CF8AF7BAFC888C316EC8,1612127987903,1355529775197130753,MISINFORMED_OR_POTENTIALLY_MISLEADING,0,1,0,0,1,1,0,0,0,0,0,0,1,"This post claims BLM as an organization does not deserve the nobel peace prize as they incited violence. BLM as an organization is specifically non-violent, and explicitly calls for that on their page, and the vast majority of BLM related protests in the US were peaceful. https://www.washingtonpost.com/politics/2020/10/16/this-summers-black-lives-matter-protesters-were-overwhelming-peaceful-our-research-finds/",0,2A5DBB8B280054B18A427BD149694EB46CD5CF7E5CB8CF8AF7BAFC888C316EC8,1612127987903,nan,nan,1721920068424,NEEDS_MORE_RATINGS,nan,nan,1674003109873.0,NEEDS_MORE_RATINGS,nan,nan,nan,nan,ExpansionPlusModel (v1.1),nan,-1,nan,nan,nan,28856277,nan
1356735932087611399,2A5DBB8B280054B18A427BD149694EB46CD5CF7E5CB8CF8AF7BAFC888C316EC8,1612306027803,1352754599590035459,MISINFORMED_OR_POTENTIALLY_MISLEADING,0,1,0,0,0,0,0,0,0,0,0,0,1,"This claim is false. Carter, Ford and Nixon also did not start a new war.    https://www.usatoday.com/story/news/factcheck/2020/11/01/fact-check-trump-not-first-president-since-eisenhower-without-new-war/6086636002/",0,2A5DBB8B280054B18A427BD149694EB46CD5CF7E5CB8CF8AF7BAFC888C316EC8,1612306027803,nan,nan,1721920068424,NEEDS_MORE_RATINGS,nan,nan,1674003109873.0,NEEDS_MORE_RATINGS,nan,NEEDS_MORE_RATINGS,NEEDS_MORE_RATINGS,NEEDS_MORE_RATINGS,CoreModel (v1.1),13.0,-1,nan,nan,nan,28856277,nan
1356747779113177095,2A5DBB8B280054B18A427BD149694EB46CD5CF7E5CB8CF8AF7BAFC888C316EC8,1612308852353,1356441140959064064,MISINFORMED_OR_POTENTIALLY_MISLEADING,0,1,0,0,0,0,0,0,0,0,0,0,1,Neither BLM nor antifa were involved in the attack on the capitol. It was instigated primarily by pro-Trump protestors.     https://www.snopes.com/fact-check/trump-mob-capitol/,0,2A5DBB8B280054B18A427BD149694EB46CD5CF7E5CB8CF8AF7BAFC888C316EC8,1612308852353,nan,nan,1721920068424,NEEDS_MORE_RATINGS,nan,nan,1674003109873.0,NEEDS_MORE_RATINGS,nan,nan,nan,nan,ExpansionPlusModel (v1.1),nan,-1,nan,nan,nan,28856277,nan
1763035751002808656,4BB4813625461AE3B657AA76389AD6F9C6A9EE05B0C1837C4E736BD0AD0073E3,1709175453315,1762967617764004242,MISINFORMED_OR_POTENTIALLY_MISLEADING,0,0,0,0,1,0,0,0,0,0,0,0,1,"While a Republican Senator, Cindy Hyde-Smith indeed “blocked” the bill by preventing quick passage, IVF was not among the reasons the bill was blocked. Instead the senator suggested the bills “overreach” and “poison pills” were why she prevented its quick passage.    https://www.nytimes.com/2024/02/28/us/politics/senate-republicans-ivf-bill.html",0,4BB4813625461AE3B657AA76389AD6F9C6A9EE05B0C1837C4E736BD0AD0073E3,1709175453315,nan,nan,1721920068424,NEEDS_MORE_RATINGS,nan,nan,1710385662035.0,NEEDS_MORE_RATINGS,nan,NEEDS_MORE_RATINGS,NEEDS_MORE_RATINGS,nan,CoreModel (v1.1),nan,-1,nan,nan,nan,28856277,nan
1763325843097489750,4BB4813625461AE3B657AA76389AD6F9C6A9EE05B0C1837C4E736BD0AD0073E3,1709244616657,1763154548049461606,MISINFORMED_OR_POTENTIALLY_MISLEADING,0,1,0,0,0,1,0,0,0,0,0,0,1,More research is needed before a link between the COVID-19 vaccine and Bells Palsy can be established.     https://www.ncbi.nlm.nih.gov/pmc/articles/PMC9448503/,0,4BB4813625461AE3B657AA76389AD6F9C6A9EE05B0C1837C4E736BD0AD0073E3,1709244616657,nan,nan,1721920068424,NEEDS_MORE_RATINGS,nan,nan,1710459335913.0,NEEDS_MORE_RATINGS,nan,nan,nan,nan,ExpansionPlusModel (v1.1),nan,-1,nan,nan,nan,28856277,nan
1763711441796739494,4BB4813625461AE3B657AA76389AD6F9C6A9EE05B0C1837C4E736BD0AD0073E3,1709336550553,1763659202818416866,MISINFORMED_OR_POTENTIALLY_MISLEADING,0,1,0,0,0,1,0,0,0,0,0,0,1,"The note handed to Chalino Sanchez was believed to be a death threat, but never confirmed. There’s no evidence he was reading a “death note,” nor that he knew it would be his last performance.    https://www.billboard.com/music/latin/chalino-sanchez-legacy-30-years-after-death-1235111447/amp/",0,4BB4813625461AE3B657AA76389AD6F9C6A9EE05B0C1837C4E736BD0AD0073E3,1709336550553,nan,nan,1727815527161,NEEDS_MORE_RATINGS,nan,nan,1710550815841.0,NEEDS_MORE_RATINGS,nan,nan,nan,nan,CoreModel (v1.1),nan,-1,-1.0,nan,nan,28856277,nan
1776212631742800330,4BB4813625461AE3B657AA76389AD6F9C6A9EE05B0C1837C4E736BD0AD0073E3,1712317066495,1776030784660340984,NOT_MISLEADING,0,0,0,0,0,0,0,0,0,0,1,0,0,Clearly satire…,0,4BB4813625461AE3B657AA76389AD6F9C6A9EE05B0C1837C4E736BD0AD0073E3,1712317066495,nan,nan,1721920068424,NEEDS_MORE_RATINGS,nan,nan,1713528222352.0,NEEDS_MORE_RATINGS,nan,NEEDS_MORE_RATINGS,NEEDS_MORE_RATINGS,NEEDS_MORE_RATINGS,CoreModel (v1.1),13.0,-1,nan,nan,nan,28856277,nan
1777467809221746749,4BB4813625461AE3B657AA76389AD6F9C6A9EE05B0C1837C4E736BD0AD0073E3,1712616324129,1777424465892450725,MISINFORMED_OR_POTENTIALLY_MISLEADING,0,0,1,0,1,1,0,0,0,0,0,0,1,"This photo both not real and not from the April 8th eclipse. Instead, it appears to be from the X handle @NiagaraAction, a tourism website.    https://x.com/niagaraaction/status/1761786913252323443?s=46&amp;t=7R2Ekg9XAVglMhbSPbQFkA",0,4BB4813625461AE3B657AA76389AD6F9C6A9EE05B0C1837C4E736BD0AD0073E3,1712616324129,1712634057151.0,CURRENTLY_RATED_HELPFUL,1721920068424,CURRENTLY_RATED_HELPFUL,1712634057151.0,CURRENTLY_RATED_HELPFUL,1713832289336.0,CURRENTLY_RATED_HELPFUL,nan,CURRENTLY_RATED_HELPFUL,CURRENTLY_RATED_HELPFUL,nan,CoreModel (v1.1),nan,-1,nan,nan,nan,28856277,nan
1779270415421960610,4BB4813625461AE3B657AA76389AD6F9C6A9EE05B0C1837C4E736BD0AD0073E3,1713046098936,1779268414898356387,NOT_MISLEADING,0,0,0,0,0,0,0,1,0,0,0,0,1,NNN. There’s no claim of fact with regards to the video in the post. ,0,4BB4813625461AE3B657AA76389AD6F9C6A9EE05B0C1837C4E736BD0AD0073E3,1713046098936,nan,nan,1721920068424,NEEDS_MORE_RATINGS,nan,nan,1714259811847.0,NEEDS_MORE_RATINGS,nan,nan,nan,nan,ExpansionPlusModel (v1.1),nan,-1,nan,nan,nan,28856277,nan
1779879467218858292,4BB4813625461AE3B657AA76389AD6F9C6A9EE05B0C1837C4E736BD0AD0073E3,1713191308202,1779703944337309742,NOT_MISLEADING,0,0,0,0,0,0,0,1,0,0,0,0,1,NNN. Post sources in the comments.,0,4BB4813625461AE3B657AA76389AD6F9C6A9EE05B0C1837C4E736BD0AD0073E3,1713191308202,nan,nan,1721920068424,NEEDS_MORE_RATINGS,nan,nan,1714401850430.0,NEEDS_MORE_RATINGS,nan,NEEDS_MORE_RATINGS,NEEDS_MORE_RATINGS,nan,CoreModel (v1.1),nan,-1,nan,nan,nan,28856277,nan
1782177611067596806,4BB4813625461AE3B657AA76389AD6F9C6A9EE05B0C1837C4E736BD0AD0073E3,1713739228393,1782122130970132700,NOT_MISLEADING,0,0,0,0,0,0,0,0,1,0,0,0,0,"NNN - job numbers don’t rely on historical data. If a job is created, it’s counted. The post is accurate.",0,4BB4813625461AE3B657AA76389AD6F9C6A9EE05B0C1837C4E736BD0AD0073E3,1713739228393,nan,nan,1721920068424,NEEDS_MORE_RATINGS,nan,nan,1714951540069.0,NEEDS_MORE_RATINGS,nan,NEEDS_MORE_RATINGS,NEEDS_MORE_RATINGS,nan,CoreModel (v1.1),nan,-1,nan,nan,nan,28856277,nan
1784290013666050088,4BB4813625461AE3B657AA76389AD6F9C6A9EE05B0C1837C4E736BD0AD0073E3,1714242864420,1784268057449308464,MISINFORMED_OR_POTENTIALLY_MISLEADING,0,1,0,0,0,1,0,0,0,0,0,0,1,"No, humans cannot “charge” or control the weather.     https://www.psu.edu/news/research/story/probing-question-can-humans-control-weather/",0,4BB4813625461AE3B657AA76389AD6F9C6A9EE05B0C1837C4E736BD0AD0073E3,1714242864420,nan,nan,1721920068424,NEEDS_MORE_RATINGS,nan,nan,1715455170927.0,NEEDS_MORE_RATINGS,nan,NEEDS_MORE_RATINGS,NEEDS_MORE_RATINGS,NEEDS_MORE_RATINGS,CoreModel (v1.1),13.0,-1,nan,nan,nan,28856277,nan
1784305629722448343,4BB4813625461AE3B657AA76389AD6F9C6A9EE05B0C1837C4E736BD0AD0073E3,1714246587578,1784145526998348027,NOT_MISLEADING,0,0,0,0,0,0,0,1,0,0,0,0,0,NNN. Come on. ,0,4BB4813625461AE3B657AA76389AD6F9C6A9EE05B0C1837C4E736BD0AD0073E3,1714246587578,nan,nan,1721920068424,NEEDS_MORE_RATINGS,nan,nan,1715460902368.0,NEEDS_MORE_RATINGS,nan,NEEDS_MORE_RATINGS,NEEDS_MORE_RATINGS,nan,CoreModel (v1.1),nan,-1,nan,nan,nan,28856277,nan
1786978557102534810,4BB4813625461AE3B657AA76389AD6F9C6A9EE05B0C1837C4E736BD0AD0073E3,1714883863126,1786828132223238255,MISINFORMED_OR_POTENTIALLY_MISLEADING,0,1,0,0,0,0,0,0,0,0,0,0,1,"In obese patients, 5 percent weight loss has significant health benefits.    https://medicine.wustl.edu/news/in-obese-patients-5-percent-weight-loss-has-significant-health-benefits/#:~:text=For%20patients%20with%20obesity%2C%20Washington,percent%20of%20their%20body%20weight.",0,4BB4813625461AE3B657AA76389AD6F9C6A9EE05B0C1837C4E736BD0AD0073E3,1714883863126,nan,nan,1721920068424,NEEDS_MORE_RATINGS,nan,nan,1716097787057.0,NEEDS_MORE_RATINGS,nan,NEEDS_MORE_RATINGS,NEEDS_MORE_RATINGS,NEEDS_MORE_RATINGS,CoreModel (v1.1),13.0,-1,nan,nan,nan,28856277,nan
1788241127318978925,4BB4813625461AE3B657AA76389AD6F9C6A9EE05B0C1837C4E736BD0AD0073E3,1715184883323,1787912740939383065,NOT_MISLEADING,0,0,0,0,0,0,0,0,1,0,0,0,0,"NNN. OP never suggests that it’s the most expensive iPad, nor would a note even be necessary if he had. Use the replies. ",0,4BB4813625461AE3B657AA76389AD6F9C6A9EE05B0C1837C4E736BD0AD0073E3,1715184883323,nan,nan,1721920068424,NEEDS_MORE_RATINGS,nan,nan,1716395614357.0,NEEDS_MORE_RATINGS,nan,NEEDS_MORE_RATINGS,NEEDS_MORE_RATINGS,nan,CoreModel (v1.1),nan,-1,nan,nan,nan,28856277,nan
1789670328127414347,4BB4813625461AE3B657AA76389AD6F9C6A9EE05B0C1837C4E736BD0AD0073E3,1715525631347,1789539291992834149,NOT_MISLEADING,0,0,0,0,0,0,0,1,0,0,0,0,0,"NNN - the post even uses the word “alleged,” never stating it as fact. Use the comments. ",0,4BB4813625461AE3B657AA76389AD6F9C6A9EE05B0C1837C4E736BD0AD0073E3,1715525631347,nan,nan,1721920068424,NEEDS_MORE_RATINGS,nan,nan,1716736584599.0,NEEDS_MORE_RATINGS,nan,NEEDS_MORE_RATINGS,NEEDS_MORE_RATINGS,nan,CoreModel (v1.1),nan,-1,nan,nan,nan,28856277,nan
1794716647405564234,4BB4813625461AE3B657AA76389AD6F9C6A9EE05B0C1837C4E736BD0AD0073E3,1716728767621,1794428519176339556,NOT_MISLEADING,0,0,0,0,0,0,0,1,0,0,0,0,0,NNN. Nothing misleading or factually incorrect about the post. Sources go in comments. ,0,4BB4813625461AE3B657AA76389AD6F9C6A9EE05B0C1837C4E736BD0AD0073E3,1716728767621,nan,nan,1721920068424,NEEDS_MORE_RATINGS,nan,nan,1717940634500.0,NEEDS_MORE_RATINGS,nan,NEEDS_MORE_RATINGS,NEEDS_MORE_RATINGS,nan,CoreModel (v1.1),nan,-1,nan,nan,nan,28856277,nan
1797162949015900293,4BB4813625461AE3B657AA76389AD6F9C6A9EE05B0C1837C4E736BD0AD0073E3,1717312011375,1797057146254725616,NOT_MISLEADING,0,0,0,0,0,0,0,0,1,0,0,0,1,"NNN - The protests at the time of the clearing were peaceful, just as the post says. It’s factually correct.     Also, come on. Breitbart is not a good source.      https://www.npr.org/2020/06/01/867532070/trumps-unannounced-church-visit-angers-church-officials",0,4BB4813625461AE3B657AA76389AD6F9C6A9EE05B0C1837C4E736BD0AD0073E3,1717312011375,nan,nan,1721920068424,NEEDS_MORE_RATINGS,nan,nan,1718523234355.0,NEEDS_MORE_RATINGS,nan,NEEDS_MORE_RATINGS,NEEDS_MORE_RATINGS,NEEDS_MORE_RATINGS,CoreModel (v1.1),13.0,-1,nan,nan,nan,28856277,nan
1797164331739566356,4BB4813625461AE3B657AA76389AD6F9C6A9EE05B0C1837C4E736BD0AD0073E3,1717312341042,1797053288870822279,NOT_MISLEADING,0,0,0,0,0,0,0,0,1,0,0,0,1,"NNN - did you read your the article before you posted it? Here, I’ll use it to source my NNN, because it literally says what the post suggests. Come on. Do better with CNs.     https://t.co/y6Vn6eiCMk",0,4BB4813625461AE3B657AA76389AD6F9C6A9EE05B0C1837C4E736BD0AD0073E3,1717312341042,nan,nan,1721920068424,NEEDS_MORE_RATINGS,nan,nan,1718523234355.0,NEEDS_MORE_RATINGS,nan,NEEDS_MORE_RATINGS,NEEDS_MORE_RATINGS,nan,CoreModel (v1.1),nan,-1,nan,nan,nan,28856277,nan
1797395865256001550,4BB4813625461AE3B657AA76389AD6F9C6A9EE05B0C1837C4E736BD0AD0073E3,1717367542933,1797388551396483439,NOT_MISLEADING,0,0,0,0,0,0,0,1,0,0,0,0,0,"NNN - it needs to be reported, instead. ",0,4BB4813625461AE3B657AA76389AD6F9C6A9EE05B0C1837C4E736BD0AD0073E3,1717367542933,1717652456852.0,CURRENTLY_RATED_NOT_HELPFUL,1721920068424,CURRENTLY_RATED_NOT_HELPFUL,1717652456852.0,CURRENTLY_RATED_NOT_HELPFUL,1718578982156.0,CURRENTLY_RATED_NOT_HELPFUL,nan,CURRENTLY_RATED_NOT_HELPFUL,NEEDS_MORE_RATINGS,nan,CoreModel (v1.1),nan,-1,nan,nan,nan,28856277,nan
1797633510963814896,4BB4813625461AE3B657AA76389AD6F9C6A9EE05B0C1837C4E736BD0AD0073E3,1717424202087,1797418837517943292,NOT_MISLEADING,0,0,0,0,0,0,0,0,1,0,0,0,0,"NNN - the driver may be an idiot, but nothing about this post is misleading or inaccurate. Use the replies to call this dude out. ",0,4BB4813625461AE3B657AA76389AD6F9C6A9EE05B0C1837C4E736BD0AD0073E3,1717424202087,nan,nan,1721920068424,NEEDS_MORE_RATINGS,nan,nan,1718638998095.0,NEEDS_MORE_RATINGS,nan,NEEDS_MORE_RATINGS,NEEDS_MORE_RATINGS,nan,CoreModel (v1.1),nan,-1,nan,nan,nan,28856277,nan
1798786532049829921,4BB4813625461AE3B657AA76389AD6F9C6A9EE05B0C1837C4E736BD0AD0073E3,1717699103736,1798390551139746097,MISINFORMED_OR_POTENTIALLY_MISLEADING,0,0,0,0,1,1,0,0,0,0,0,0,1,"Storm chasers aren’t everywhere, and the internet may be unreliable during a weather emergency. The early warning system and both TV and weather radio are the best place to turn to during severe weather.    https://x.com/weather_katie/status/1798735075447816280?s=46&amp;t=7R2Ekg9XAVglMhbSPbQFkA",0,4BB4813625461AE3B657AA76389AD6F9C6A9EE05B0C1837C4E736BD0AD0073E3,1717699103736,nan,nan,1721920068424,NEEDS_MORE_RATINGS,nan,nan,1718910333306.0,NEEDS_MORE_RATINGS,nan,NEEDS_MORE_RATINGS,NEEDS_MORE_RATINGS,nan,CoreModel (v1.1),nan,-1,nan,nan,nan,28856277,nan
1800212995215065303,4BB4813625461AE3B657AA76389AD6F9C6A9EE05B0C1837C4E736BD0AD0073E3,1718039199056,1800193691140960509,NOT_MISLEADING,0,0,0,0,0,0,0,1,0,0,0,0,0,"NNN - report this, don’t note it. ",0,4BB4813625461AE3B657AA76389AD6F9C6A9EE05B0C1837C4E736BD0AD0073E3,1718039199056,nan,nan,1721920068424,NEEDS_MORE_RATINGS,nan,nan,1719249332561.0,NEEDS_MORE_RATINGS,nan,NEEDS_MORE_RATINGS,NEEDS_MORE_RATINGS,NEEDS_MORE_RATINGS,CoreModel (v1.1),13.0,-1,nan,nan,nan,28856277,nan
1801775536668033181,4BB4813625461AE3B657AA76389AD6F9C6A9EE05B0C1837C4E736BD0AD0073E3,1718411737969,1801642149911400470,NOT_MISLEADING,0,0,0,0,0,0,0,1,0,0,0,0,0,"NNN - No need for context. This is a social media platform, people want likes and views.",0,4BB4813625461AE3B657AA76389AD6F9C6A9EE05B0C1837C4E736BD0AD0073E3,1718411737969,nan,nan,1721920068424,NEEDS_MORE_RATINGS,nan,nan,1719623937743.0,NEEDS_MORE_RATINGS,nan,NEEDS_MORE_RATINGS,NEEDS_MORE_RATINGS,nan,CoreModel (v1.1),nan,-1,nan,nan,nan,28856277,nan
1804118605400842315,4BB4813625461AE3B657AA76389AD6F9C6A9EE05B0C1837C4E736BD0AD0073E3,1718970369088,1804084402919440837,NOT_MISLEADING,0,0,0,0,0,0,0,1,0,0,0,0,0,NNN - OP is asking a question. Put answers in the replies. ,0,4BB4813625461AE3B657AA76389AD6F9C6A9EE05B0C1837C4E736BD0AD0073E3,1718970369088,nan,nan,1721920068424,NEEDS_MORE_RATINGS,nan,nan,1720180407713.0,NEEDS_MORE_RATINGS,nan,NEEDS_MORE_RATINGS,NEEDS_MORE_RATINGS,NEEDS_MORE_RATINGS,CoreModel (v1.1),13.0,-1,nan,nan,nan,28856277,nan
1804119735518531685,4BB4813625461AE3B657AA76389AD6F9C6A9EE05B0C1837C4E736BD0AD0073E3,1718970638528,1803963451330416911,NOT_MISLEADING,0,0,0,0,0,0,0,0,1,0,0,0,1,NNN - Wait until you learn about Super PACs!    https://www.fec.gov/help-candidates-and-committees/taking-receipts-pac/contributions-to-super-pacs-and-hybrid-pacs/,0,4BB4813625461AE3B657AA76389AD6F9C6A9EE05B0C1837C4E736BD0AD0073E3,1718970638528,nan,nan,1721920068424,NEEDS_MORE_RATINGS,nan,nan,1720180407713.0,NEEDS_MORE_RATINGS,nan,NEEDS_MORE_RATINGS,NEEDS_MORE_RATINGS,NEEDS_MORE_RATINGS,CoreModel (v1.1),13.0,-1,nan,nan,nan,28856277,nan
1807211953468715339,4BB4813625461AE3B657AA76389AD6F9C6A9EE05B0C1837C4E736BD0AD0073E3,1719707880739,1807183515009556703,NOT_MISLEADING,0,0,0,0,0,0,0,0,1,0,0,0,0,NNN - the claim is factually correct. ,0,4BB4813625461AE3B657AA76389AD6F9C6A9EE05B0C1837C4E736BD0AD0073E3,1719707880739,nan,nan,1721920068424,NEEDS_MORE_RATINGS,nan,nan,1720925142742.0,NEEDS_MORE_RATINGS,nan,NEEDS_MORE_RATINGS,NEEDS_MORE_RATINGS,nan,CoreModel (v1.1),nan,-1,nan,nan,nan,28856277,nan
1808855332946403685,4BB4813625461AE3B657AA76389AD6F9C6A9EE05B0C1837C4E736BD0AD0073E3,1720099692938,1808547128836567056,NOT_MISLEADING,0,0,0,0,0,0,0,0,0,0,1,0,0,NNN - that’s the joke.,0,4BB4813625461AE3B657AA76389AD6F9C6A9EE05B0C1837C4E736BD0AD0073E3,1720099692938,nan,nan,1721920068424,NEEDS_MORE_RATINGS,nan,nan,1721312924399.0,NEEDS_MORE_RATINGS,nan,NEEDS_MORE_RATINGS,NEEDS_MORE_RATINGS,nan,CoreModel (v1.1),nan,1720118191365,nan,nan,nan,28856277,nan
1819550574645284935,4BB4813625461AE3B657AA76389AD6F9C6A9EE05B0C1837C4E736BD0AD0073E3,1722649637268,1819060524786786764,NOT_MISLEADING,0,0,0,0,0,0,0,0,1,0,0,0,0,NNN - The post clearly says it’s the final flight from JFK. ,0,4BB4813625461AE3B657AA76389AD6F9C6A9EE05B0C1837C4E736BD0AD0073E3,1722649637268,nan,nan,1725289897509,NEEDS_MORE_RATINGS,nan,nan,1725289897509.0,NEEDS_MORE_RATINGS,nan,CURRENTLY_RATED_NOT_HELPFUL,CURRENTLY_RATED_NOT_HELPFUL,CURRENTLY_RATED_NOT_HELPFUL,InsufficientExplanation (v1.0),14.0,1722651222499,nan,nan,nan,28856277,nan
1820152268097990957,4BB4813625461AE3B657AA76389AD6F9C6A9EE05B0C1837C4E736BD0AD0073E3,1722793092165,1820107507802501530,MISINFORMED_OR_POTENTIALLY_MISLEADING,0,1,0,0,0,0,0,0,0,0,0,0,1,Imane Khalif was born a woman and remains a woman.     https://www.usatoday.com/story/sports/olympics/2024/08/02/imane-khelif-fact-check-olympic-boxer/74645341007/,0,4BB4813625461AE3B657AA76389AD6F9C6A9EE05B0C1837C4E736BD0AD0073E3,1722793092165,nan,nan,1727367341449,NEEDS_MORE_RATINGS,nan,nan,1727367341449.0,NEEDS_MORE_RATINGS,nan,nan,nan,NEEDS_MORE_RATINGS,CoreModel (v1.1),13.0,1722795152814,-1.0,nan,nan,28856277,nan
1823143069178372332,4BB4813625461AE3B657AA76389AD6F9C6A9EE05B0C1837C4E736BD0AD0073E3,1723506154711,1823129984489369836,NOT_MISLEADING,0,0,0,0,0,0,0,0,1,0,0,0,0,“Very fine people on both sides” is a direct quote. Take your political opinions to the comments. ,0,4BB4813625461AE3B657AA76389AD6F9C6A9EE05B0C1837C4E736BD0AD0073E3,1723506154711,nan,nan,1727367341449,NEEDS_MORE_RATINGS,nan,nan,1727367341449.0,NEEDS_MORE_RATINGS,nan,nan,nan,nan,CoreModel (v1.1),nan,1723508179368,-1.0,nan,nan,28856277,nan
1823144696199217505,4BB4813625461AE3B657AA76389AD6F9C6A9EE05B0C1837C4E736BD0AD0073E3,1723506542623,1823089447824511075,NOT_MISLEADING,0,0,0,0,0,0,0,0,0,0,1,0,1,The winking emoji indicates that this is a joke.     https://www.merriam-webster.com/dictionary/wink,0,4BB4813625461AE3B657AA76389AD6F9C6A9EE05B0C1837C4E736BD0AD0073E3,1723506542623,nan,nan,1727367341449,NEEDS_MORE_RATINGS,nan,nan,1727367341449.0,NEEDS_MORE_RATINGS,nan,nan,nan,nan,CoreModel (v1.1),nan,1723508179368,-1.0,nan,nan,28856277,nan
1825712157012500618,4BB4813625461AE3B657AA76389AD6F9C6A9EE05B0C1837C4E736BD0AD0073E3,1724118672979,1825267021724180787,NOT_MISLEADING,0,0,0,0,0,0,0,1,0,0,0,0,0,NNN - a single screenshot from YG obviously doesn’t tell the whole story.,0,4BB4813625461AE3B657AA76389AD6F9C6A9EE05B0C1837C4E736BD0AD0073E3,1724118672979,1724123970116.0,CURRENTLY_RATED_NOT_HELPFUL,1727367341449,CURRENTLY_RATED_NOT_HELPFUL,1724123970116.0,CURRENTLY_RATED_NOT_HELPFUL,1727367341449.0,CURRENTLY_RATED_NOT_HELPFUL,nan,CURRENTLY_RATED_NOT_HELPFUL,CURRENTLY_RATED_NOT_HELPFUL,nan,CoreModel (v1.1),nan,1724123970116,-1.0,nan,nan,28856277,nan
1834030815061442711,4BB4813625461AE3B657AA76389AD6F9C6A9EE05B0C1837C4E736BD0AD0073E3,1726101995612,1833724549373849831,NOT_MISLEADING,0,0,0,0,0,0,0,0,0,0,1,0,0,NNN - arguing semantics on a joke tweet is crazy. ,0,4BB4813625461AE3B657AA76389AD6F9C6A9EE05B0C1837C4E736BD0AD0073E3,1726101995612,nan,nan,1729195001767,NEEDS_MORE_RATINGS,nan,nan,1727367341449.0,NEEDS_MORE_RATINGS,nan,nan,nan,nan,CoreModel (v1.1),nan,1726102628709,-1.0,nan,nan,28856277,nan
1550490344223084546,96BF1968DF1B60B967A2C3CAE44F67F069DB2DD245BFF99192F525A3CCA6DC5A,1658500679437,1550270293402423296,MISINFORMED_OR_POTENTIALLY_MISLEADING,0,0,0,0,1,0,0,0,0,0,0,0,1,Oral testimony under oath does constitute facts. It may often be the only facts in a case. https://www.law.cornell.edu/rules/fre/rule_701,0,96BF1968DF1B60B967A2C3CAE44F67F069DB2DD245BFF99192F525A3CCA6DC5A,1658500679437,nan,nan,1721920068424,NEEDS_MORE_RATINGS,nan,nan,1674003109873.0,NEEDS_MORE_RATINGS,nan,NEEDS_MORE_RATINGS,NEEDS_MORE_RATINGS,NEEDS_MORE_RATINGS,CoreModel (v1.1),13.0,-1,nan,nan,nan,28856277,nan
1564268683169796097,96BF1968DF1B60B967A2C3CAE44F67F069DB2DD245BFF99192F525A3CCA6DC5A,1661785691431,1564064244978663424,MISINFORMED_OR_POTENTIALLY_MISLEADING,0,1,0,0,0,1,0,0,0,0,0,0,1,"According to US EIA, Texas crude oil production peached in March 2020 at about 5.4M barrels per day. Its low point was in February 2021 at about 3.7M barrels per day.    https://www.eia.gov/dnav/pet/hist/LeafHandler.ashx?n=pet&amp;s=mcrfptx2&amp;f=m",0,96BF1968DF1B60B967A2C3CAE44F67F069DB2DD245BFF99192F525A3CCA6DC5A,1661785691431,nan,nan,1721920068424,NEEDS_MORE_RATINGS,nan,nan,1674003109873.0,NEEDS_MORE_RATINGS,nan,nan,nan,nan,ExpansionPlusModel (v1.1),nan,-1,nan,nan,nan,28856277,nan
1591833501883666432,96BF1968DF1B60B967A2C3CAE44F67F069DB2DD245BFF99192F525A3CCA6DC5A,1668357656341,1591810691912146950,MISINFORMED_OR_POTENTIALLY_MISLEADING,0,1,0,0,0,1,0,0,0,0,0,0,0,1) There is no question about Barack Obama’s African heritage. 2) The “Official” tag is being applied to organizations before individuals.,0,96BF1968DF1B60B967A2C3CAE44F67F069DB2DD245BFF99192F525A3CCA6DC5A,1668357656341,nan,nan,1721920068424,NEEDS_MORE_RATINGS,nan,nan,1674003109873.0,NEEDS_MORE_RATINGS,nan,nan,nan,nan,ExpansionPlusModel (v1.1),nan,-1,nan,nan,nan,28856277,nan
1702732665474928779,96BF1968DF1B60B967A2C3CAE44F67F069DB2DD245BFF99192F525A3CCA6DC5A,1694798077345,1702412941398614432,MISINFORMED_OR_POTENTIALLY_MISLEADING,0,0,0,0,1,1,0,0,0,0,0,0,1,The image submitted by the original poster merely shows that Facebook lifted a prior hold on the post. It does not indicate that Facebook in any way confirms the post.     Facebook's policy on moderation of COVID-related posts can be found here:     https://www.facebook.com/help/230764881494641,0,96BF1968DF1B60B967A2C3CAE44F67F069DB2DD245BFF99192F525A3CCA6DC5A,1694798077345,nan,nan,1721920068424,NEEDS_MORE_RATINGS,nan,nan,1696011029713.0,NEEDS_MORE_RATINGS,nan,NEEDS_MORE_RATINGS,NEEDS_MORE_RATINGS,nan,CoreModel (v1.1),nan,-1,nan,nan,nan,28856277,nan
1757838796383539555,96BF1968DF1B60B967A2C3CAE44F67F069DB2DD245BFF99192F525A3CCA6DC5A,1707936402780,1757797830058508415,MISINFORMED_OR_POTENTIALLY_MISLEADING,0,1,0,0,1,1,0,0,0,0,0,0,1,"Per Snopes (https://www.snopes.com/fact-check/jill-biden-babysitter-joe-biden/), this photo was shared by Jill Biden on her Instagram and shows her at age 24 when Joe Biden was 33. The president and First Lady met in 1975, after the death of Biden's first wife, and while Jill was a student in her mid-20s.",0,96BF1968DF1B60B967A2C3CAE44F67F069DB2DD245BFF99192F525A3CCA6DC5A,1707936402780,nan,nan,1721920068424,NEEDS_MORE_RATINGS,nan,nan,1709150035359.0,NEEDS_MORE_RATINGS,nan,NEEDS_MORE_RATINGS,NEEDS_MORE_RATINGS,nan,CoreModel (v1.1),nan,-1,nan,nan,nan,28856277,nan
1814614293423243554,96BF1968DF1B60B967A2C3CAE44F67F069DB2DD245BFF99192F525A3CCA6DC5A,1721472736112,1814461894901805283,NOT_MISLEADING,0,0,0,0,0,0,0,0,0,0,1,0,0,NNN. This is clearly satirical. ,0,96BF1968DF1B60B967A2C3CAE44F67F069DB2DD245BFF99192F525A3CCA6DC5A,1721472736112,1721507784861.0,CURRENTLY_RATED_HELPFUL,1727367341449,NEEDS_MORE_RATINGS,1721507784861.0,CURRENTLY_RATED_HELPFUL,1727367341449.0,NEEDS_MORE_RATINGS,nan,NEEDS_MORE_RATINGS,NEEDS_MORE_RATINGS,nan,CoreModel (v1.1),nan,1721561905308,-1.0,nan,nan,28856277,nan
1707153406476050492,FEB5B427B74CE876999425C073DA8B4101F59A58529361DC490104FF77844019,1695852064139,1707116555958403443,MISINFORMED_OR_POTENTIALLY_MISLEADING,0,1,0,0,1,1,0,0,0,0,0,0,1,"Joe Biden did not get any money from China, Benny is apparently referring to a 2019 payment made by private equity business man Jonathan Li to Hunter Biden. The payment was to Hunter Biden using the address on his driver’s license and in 2019 Joe Biden was a private citizen.    https://www.cnn.com/2023/09/26/politics/house-oversight-republicans-hunter-biden-bank-subpoena/index.html",0,FEB5B427B74CE876999425C073DA8B4101F59A58529361DC490104FF77844019,1695852064139,nan,nan,1721920068424,NEEDS_MORE_RATINGS,nan,nan,1697064732841.0,NEEDS_MORE_RATINGS,nan,NEEDS_MORE_RATINGS,NEEDS_MORE_RATINGS,nan,CoreModel (v1.1),nan,-1,nan,nan,nan,28856277,nan
1591099606531710986,475EC98DF9CA06A648B301AD26F8E643376BBC999EB67D26227DC977DADD6EBF,1668182682055,1591091023756890114,MISINFORMED_OR_POTENTIALLY_MISLEADING,0,1,0,0,0,0,0,0,0,0,0,0,1,Elon tweeted that this claim was &quot;False&quot;,0,475EC98DF9CA06A648B301AD26F8E643376BBC999EB67D26227DC977DADD6EBF,1668182682055,nan,nan,1721920068424,NEEDS_MORE_RATINGS,nan,nan,1674003109873.0,NEEDS_MORE_RATINGS,nan,NEEDS_MORE_RATINGS,NEEDS_MORE_RATINGS,NEEDS_MORE_RATINGS,CoreModel (v1.1),13.0,-1,nan,nan,nan,28856277,nan
1729774452840312951,EDCCD000FC72F0E1546D6D4E791DF4FA0317209C2E8712203AE014B9A8C3F840,1701245341869,1729729492619341918,MISINFORMED_OR_POTENTIALLY_MISLEADING,0,1,0,0,0,0,0,0,0,0,0,0,1,"On April 28th 2023, Italy lifted the ban on ChatGPT initially imposed on April 1st, after OpenAI agreed to age verification.    https://www.reuters.com/technology/chatgpt-is-available-again-users-italy-spokesperson-says-2023-04-28/",0,EDCCD000FC72F0E1546D6D4E791DF4FA0317209C2E8712203AE014B9A8C3F840,1701245341869,nan,nan,1721920068424,NEEDS_MORE_RATINGS,nan,nan,1702455350052.0,NEEDS_MORE_RATINGS,nan,nan,NEEDS_MORE_RATINGS,nan,ExpansionModel (v1.1),nan,-1,nan,nan,nan,28856277,nan
1748066984414126443,EDCCD000FC72F0E1546D6D4E791DF4FA0317209C2E8712203AE014B9A8C3F840,1705606621256,1747986449356702128,MISINFORMED_OR_POTENTIALLY_MISLEADING,0,1,0,0,1,0,0,0,0,0,0,0,1,"The median sale price for new houses in the US peaked in October 2022 at $496,800 and was down 12.5% to $434,700 in November 2023.    Source: https://fred.stlouisfed.org/graph/?g=CpFW",0,EDCCD000FC72F0E1546D6D4E791DF4FA0317209C2E8712203AE014B9A8C3F840,1705606621256,nan,nan,1721920068424,NEEDS_MORE_RATINGS,nan,nan,1706818089734.0,NEEDS_MORE_RATINGS,nan,NEEDS_MORE_RATINGS,NEEDS_MORE_RATINGS,NEEDS_MORE_RATINGS,CoreModel (v1.1),13.0,-1,nan,nan,nan,28856277,nan
1768331908524486837,380670998E44E79ED1B8293018704774B0A8B69495BF531E69BFE418B004B3AF,1710438155671,1768298156507210011,MISINFORMED_OR_POTENTIALLY_MISLEADING,0,0,0,0,1,1,0,0,0,0,0,0,1,This is a crypto scam. Claiming a 5000% daily rate of interest     https://consumer.ftc.gov/articles/what-know-about-cryptocurrency-and-scams    https://www.kaspersky.com/resource-center/definitions/cryptocurrency-scams    https://www.investopedia.com/articles/forex/042315/beware-these-five-bitcoin-scams.asp    ,0,380670998E44E79ED1B8293018704774B0A8B69495BF531E69BFE418B004B3AF,1710438155671,nan,nan,1721920068424,NEEDS_MORE_RATINGS,nan,nan,1711654046386.0,NEEDS_MORE_RATINGS,nan,nan,nan,nan,ExpansionPlusModel (v1.1),nan,-1,nan,nan,nan,28856277,nan
