noteId,noteAuthorParticipantId_x,createdAtMillis_x,tweetId,classification,summary,timestampMillisOfFirstNonNMRStatus,firstNonNMRStatus,found_keywords
1641786286154326017,A8E0309EB58497E796A01E8BE024167F965B9179ECD26AF7FDDC767E43747D2B,1680267328188,1641595879265107968,MISINFORMED_OR_POTENTIALLY_MISLEADING,"In the actual article linked in this tweet, it is stated that George Soros donated $1M &quot;to the group Color for Change, which backed Bragg's DA campaign.&quot;    https://www.cnbc.com/2023/03/22/trump-indictment-alvin-bragg-ties-to-george-soros-examined.html",1680279058736.0,CURRENTLY_RATED_HELPFUL,"['campaign', 'Trump']"
1692894585788182877,F735563C1D6CACAE98B239A5BF3B6B29334E5A32093D655B66C4A4A96408409D,1692452496367,1692579193740050867,MISINFORMED_OR_POTENTIALLY_MISLEADING,"COVID-19 vaccines are not dangerous and ineffective.  COVID vaccines have reassuring safety and effectively reduce death, severe &amp; symptomatic cases from COVID-19    https://idpjournal.biomedcentral.com/articles/10.1186/s40249-021-00915-3    https://www.thelancet.com/journals/laninf/article/PIIS1473-3099(22)00345-0/fulltext",,,['Covid']
1751704764876800429,243A8A84DF92A454CAC404400C24AFEE3FF470DCD291AF07A5D14FE937484052,1706473935705,1751561927648510029,MISINFORMED_OR_POTENTIALLY_MISLEADING,"The post-Soviet government of Russia puts the Soviet war losses at 26.6 million. This includes estimated deaths as a result of effects of the war (eg worse quality of life). The figure includes deaths in Soviet-occupied countries such as Ukraine, Belarus &amp; the Baltic states    https://en.m.wikipedia.org/wiki/World_War_II_casualties_of_the_Soviet_Union    https://guides.lib.uconn.edu/ukraine/WWII",,,['Ukraine']
1806609120230785086,042E7CB69F66DCED200FC56563714E30871E7CEA4CBD58CEE226D1FE9F9BFCB5,1719564154094,1806417047095595160,MISINFORMED_OR_POTENTIALLY_MISLEADING,The views of one reform campaign volunteer do not represent the stance of a whole party.     Nigel Farage has condemned this person and removed him from his volunteer role.    https://www.clactonandfrintongazette.co.uk/news/24417162.nigel-farage-condemns-reform-campaigners-slurs-clacton/,,,"['campaign', 'party', 'reform']"
1816881249224716545,EAD86BAF5110ED58BBB4AD53284D58F057C86A808FB62EDA48AD0B2AA4A81674,1722013220493,1816787937691840597,MISINFORMED_OR_POTENTIALLY_MISLEADING,"Trump agreed to debate Biden on September 10.  Kamala Harris is not Joe Biden. Joe Biden agreed to 2 debates, then pulled out of his entire campaign after the first one.    https://www.cbsnews.com/news/when-is-second-presidential-debate-2024/    https://x.com/FrankLuntz/status/1816860679888077058?t=r34JKEA1T60JaXKDJ1JZrg&amp;s=19",,,"['biden', 'campaign', 'debate', 'Harris', 'Trump']"
1768726977123373419,6F9572341A5CD771A71DEEC46802B5D5DA1AE66246829B4768975A4E64B7D3B6,1710532347364,1767988155712679998,MISINFORMED_OR_POTENTIALLY_MISLEADING,"The Georgia RICO case against Trump has not been dropped, although some of the charges were. https://apnews.com/article/georgia-election-interference-2020-trump-46e0b68c25719c404130f7e6eab69dcd",,,"['election', 'Trump']"
1690082495906349289,599F71F8D2A1883BA2FC22DE443B59C31E31A9DBA827E6AE1175877A791CB621,1691782041896,1690023788530847744,MISINFORMED_OR_POTENTIALLY_MISLEADING,Fousey’s Twitch Ban was the result of violating their Distracted Driving policy.    https://twitter.com/fousey/status/1690070351756300288?s=46,,,['policy']
1627909278093770754,142884B92E16F28D1BC840A3904A3C3811D793D0A74BA3F894C76CC666D183A8,1676958791646,1627758909019639822,MISINFORMED_OR_POTENTIALLY_MISLEADING,What MTG is proposing has been made illegal by the Supreme Court during “reconstruction” the post Civil War era of reform meant to heal the nation.    Any attempt to actually carry out a national divorce would be unconstitutional and in many scenarios considered sedition.    https://www.law.cornell.edu/supremecourt/text/74/700    https://www.loc.gov/exhibits/african-american-odyssey/reconstruction.html    https://www.law.cornell.edu/wex/sedition,1678145942846.0,CURRENTLY_RATED_HELPFUL,"['law', 'nation', 'reform', 'Supreme court']"
1716909744630214866,D0B51DF2FA15CFAA267E5462807C87819C4FBC84AEA3E5B76F8C18357EC60F40,1698178156418,1716809787021942846,MISINFORMED_OR_POTENTIALLY_MISLEADING,"Se ha comprobado que Israel no ha usado Fósforo blanco contra la franja de Gaza, ni con el Líbano ni con ningún otro país. Las que muestran fueron tomadas con la guerra de Rusia y Ucrania.     https://www.newtral.es/fosforo-blanco-gaza/20231013/",1698191991965.0,CURRENTLY_RATED_NOT_HELPFUL,['Israel']
1706392837250580680,F6BBA642FDFFC8D9DCCA30A1DC702E51E53BAEC4881957D3A63C66248BE8D7F8,1695670730302,1706368477190123586,MISINFORMED_OR_POTENTIALLY_MISLEADING,"Yaroslav Hunka was born in Urman, Second Polish Republic (now Ukraine) c. 1925 In 1943, Hunka volunteered to join the 14th Waffen Grenadier Division of the SS (1st Galician).",,,['Ukraine']
1797467234790478164,0657F2B4B95F9116FFB1F6671842C215E1D2E2B5081B1E6AB4F4F2D362E82255,1717384558757,1797372860417327210,MISINFORMED_OR_POTENTIALLY_MISLEADING,"Most of what is being claimed in this video is nonsense.  Medieval people bathed, cleaned, cared about hygiene, etc.  Also Versailles &amp; Louis XIV are not even medieval.    https://twitter.com/fakehistoryhunt/status/1724028943324373228    https://www.medievalists.net/2013/04/did-people-in-the-middle-ages-take-baths/    https://www.historyextra.com/period/medieval/did-medieval-people-take-baths-why-they-were-cleaner-than-we-think-middle-ages-hygiene-handwash-washing-cleanliness-coronavirus-plague-covid/    http://www.todayifoundout.com/index.php/2019/08/did-people-in-medieval-times-really-not-bathe/    https://www.ancient.eu/Medieval_Hygiene/    https://fakehistoryhunter.net/2019/09/10/medieval-myths-bingo/    https://daily.jstor.org/scrub-a-dub-in-a-medieval-tub/    https://twitter.com/fakehistoryhunt/status/1541408581932679169    https://twitter.com/fakehistoryhunt/status/1649562680183738370    https://twitter.com/fakehistoryhunt/status/1667986844573741057    https://twitter.com/TimONeill007/status/1694816860674609562      http://en.chateauversailles.fr/discover/history/key-dates/day-life-louis-xiv#mornings    https://www.parismatch.com/Royal-Blog/Louis-XIV-prenait-des-bains-de-riviere-et-des-bains-de-chambre-1721971    https://www.persee.fr/doc/versa_1285-8412_2014_num_17_1_940    http://histoire-vesinet.org/vasque.htm    https://aproprementparler.wordpress.com/2015/12/11/pierre-louis-xiv-et-la-proprete-une-sale-affaire/    https://twitter.com/invitinghistory/status/1694769829146726812    https://twitter.com/invitinghistory/status/1726357161188442153",1717439927645.0,CURRENTLY_RATED_HELPFUL,['Covid']
1797756634921324552,0F74786CDD021E73C61ACD98FD11C5241396BD8F041AFCF9C01A22FF99631207,1717453557126,1797322855123763417,MISINFORMED_OR_POTENTIALLY_MISLEADING,Joe Biden daily accuses his political opposition Donald Trump of dishonesty and racism without valid evidence.     https://x.com/JoeBiden/status/1797322855123763417?t=0cJyMEqiZGX6C_E_R3kDcw&amp;s=19,,,"['biden', 'Trump']"
1747547132507439443,6708448CAA6C43ABA5B5F4BCF26AE382905B61738D861EC09703FFC1BCBA20A3,1705482678904,1747208500042731970,NOT_MISLEADING,Trump wasn’t found guilty or not guilty in relation to E Jean Carroll since it was a civil case. He was found liable for sexually assaulting her in a way which the judge said would be considered rape in some jurisdictions outside New York. Something to argue in the replies. https://amp.theguardian.com/us-news/2023/aug/07/donald-trump-rape-language-e-jean-carroll ,,,['Trump']
1847994076031000609,9DBAEF8151636AA776ACE4FA3A939826E1A358FA232E99EF645D5AEFFBE9DCB0,1729431096453,1847985969649045650,NOT_MISLEADING,NNN I checked using CNs link and found same as in post.   Then I ran it myself and found Trump up 2 points.    https://www.realclearpolling.com/latest-polls   ,,,['Trump']
1707525539958067341,ADCD3DCCC75C42DD4E5C99EDD26249F3D2242CB5F016334D2BF5B12C1228DEFA,1695940787673,1707159123056558201,NOT_MISLEADING,元ツイートの通り、自民党草案（リンク先PDF）からは「絶対に」という言葉が削除されています。    日本国憲法改正草案 | 資料 | 自由民主党 憲法改正実現本部 - https://constitution.jimin.jp/document/draft/,,,['constitution']
1808651218262372559,9A4606F9B32F86C40469FA365DB06351BDE185491B29ECC98695D26DD1A40932,1720051028207,1808344267208704040,NOT_MISLEADING,&quot;Patten stressed ... that the team’s visit was not to investigate allegations of sexual violence...&quot;    &quot;Patten said the team was not able to meet with any victims...&quot;    &quot;...two allegations of sexual violence...were unfounded...&quot;    &quot;...the crime scene had been altered...&quot;    https://apnews.com/article/israel-palestinians-un-rape-oct7-hamas-gaza-fe1a35767a63666fe4dc1c97e397177e,,,"['Hamas', 'Israel']"
1700855904483021002,8192FA04E299CD16CF98978E54464CABD4DA6C6F44D97A9F5B5A9391E5F59E98,1694350622658,1700681327824310441,NOT_MISLEADING,"The sources below shows more people giving the finger to Trump. If you are partially blind, please recheck your sources before posting a CN",,,['Trump']
1669277732780515335,1638F94CD30E59DC1222894802246AB3D9B894108D604C5DF51907F64ED6F3C3,1686821799833,1669276126374694913,MISINFORMED_OR_POTENTIALLY_MISLEADING,The Federal Government will will spend more than $8 billion on housing and homelessness in 2023-24.    https://amp.smh.com.au/politics/federal/labor-says-greens-blocking-housing-will-be-a-betrayal-20230610-p5dfjv.html    The Housing Australia Future Fund alone will spend more than $500 million a year.    https://amp.theguardian.com/australia-news/2023/jun/13/labor-guarantees-minimum-500m-each-year-for-housing-in-bid-to-win-greens-support,,,['federal']
1785497551141224551,4C98DA1FC00188BCE31E0326C210AA86CBDA6210EDC2B33C3467893D3151972F,1714530763789,1785486314588266899,MISINFORMED_OR_POTENTIALLY_MISLEADING,NYPD activities were not related to First Amendment rights. The NYPD issued an order for individuals to disperse near the gate to Columbia’s campus at 116th Street and Amsterdam Avenue. Failure to disperse is a violation of NY PEN § 240.10. https://www.washingtonpost.com/education/2024/04/30/columbia-university-protests-palestine-news/#link-UISFXGMMFNBTJBIPKTK4LZNMDM  https://www.nysenate.gov/legislation/laws/PEN/240.10,,,"['amendment', 'legislation', 'rights']"
1449794393745997824,10F08E6DBC4BD90750CE14E4F092D3CD50B75529BD34B53228EBFE6A89D4F505,1634492894004,1449787334921265152,MISINFORMED_OR_POTENTIALLY_MISLEADING,The article doesn’t say people who’ve gotten covid are more immune that vaccinated people the article says people who’ve gotten covid AND been vaccinated have more immunity than either on it’s own. Why is Ann trying to mislead? https://twitter.com/badfoxgraphics/status/1449790822539464704?s=21,,,['Covid']
1718408132928426353,7B555F100120EF6A1D6D294697130F3C8DFC5E51695657B02CECEB22CE445510,1698535400025,1718320495295123856,NOT_MISLEADING,"En este diario de Turquìa, queda claro que la convocatoria es para apoyar a Palestina y en consecuencia a Hamas, por medio del ataque a todos los que apoyan a Israel. No ahy ue ser experto para entender el papel del DICTADOR COMUNISTA Erdogan.  https://www.duvarenglish.com/pro-palestinian-rally-held-in-istanbul-on-eve-of-centenary-of-republic-news-63224",,,"['Hamas', 'Israel', 'rally']"
1588857446499602432,F3442EE2C62FF03AB4083BDFB6448F024D0B99E2DFCDE5B004F290094E475B32,1667648109446,1588561714018131970,MISINFORMED_OR_POTENTIALLY_MISLEADING,Recent declines in average gas prices are only a snapshot of the overall trend. Avg YoY price for gas is UP about 10% and UP 30% from when the President took office.    https://gasprices.aaa.com/  ,,,['president']
1850969337676390777,513E05EFC8451B3156F05CE6533E8DFAA3CC98D95E923A8A9BF5A8F6B2613C14,1730140454106,1850944284918219066,MISINFORMED_OR_POTENTIALLY_MISLEADING,The FBI is investigating this incident and have not released any information relating to suspects or motive.    https://katu.com/news/local/vancouver-ballot-box-seen-smoking-same-morning-as-portland-ballot-box-arson,,,['Ballot']
1734955304926822846,1BFB8070AEEFA9E2FC0F3CB8A6DCBBD72F9AF5CFF14D0DBC5BCEE0444BB367F3,1702480553264,1734709711105151068,NOT_MISLEADING,"NNN, the proposed note is conflating foreign born with foreign national. According to the document linked 19.3% of NHS workers are foreign nationals. Foreign born NHS workers should include nationalized citizens  The number of foreign born residents is lower at 14.8% https://iasservices.org.uk/how-many-immigrants-are-in-the-uk/#:~:text=As%20of%20the%20year%20ending,were%20born%20outside%20the%20EU.",,,['foreign']
1779056269749358959,ADB9B093F380519CDA8B7EA1A75031A6C4A48BD1E8699F704FC7D0A3318EA98F,1712995042633,1778495576516026556,MISINFORMED_OR_POTENTIALLY_MISLEADING,private individuals do not have an unqualified right to engage in free expression and assembly on private property    https://www.justia.com/criminal/docs/calcrim/3400/3475/    there is no case law that indicates this is voided when the event is “school sanctioned” and held at a private home.     https://time.com/6966194/berkeley-law-school-muslim-student-protest-erwin-chemerinsky-free-speech/,,,"['assembly', 'law']"
1765560344091787384,7FC3C811516F4DEABCE693E354DC16D01E12D57B291FA95D6B5B8459E70DE1AF,1709777363214,1765498588610597341,MISINFORMED_OR_POTENTIALLY_MISLEADING,This post is missing context. North Carolina Lt. Gov. Mark Robinson's full remarks reveal that he was not against women having the right to vote but rather was making a larger point about the role that he believed Republicans played in the passage of the 19th Amendment.    https://www.snopes.com/news/2024/03/06/mark-robinson-women-vote/,,,"['amendment', 'vote']"
1832939036039840128,72165726C08C3303436B61A860EF573ECDEDC80BD68DA13D3716965499823EA6,1725841695209,1832885577093419421,NOT_MISLEADING,"NNN. The note above is both incorrect, and an abuse of the CN system. The author knows to post it on the original post, which they did, and not spam every repost.    And here is the source proving OP is correct:  https://turner.house.gov/2024/8/turner-cancel-don-t-just-pause-biden-administration-disastrous-haitian-importation-immigration-policy#:~:text=%E2%80%9CThis%20illegal%20DHS%20program%20has,havoc%20their%20policies%20have%20caused.",,,"['biden', 'immigration', 'policy']"
1595125531908853760,A167100D0588DADC3C13B818017914383D206715AF5A5BD03ED05B4202A10003,1669142537463,1594508137255800833,MISINFORMED_OR_POTENTIALLY_MISLEADING,Jeffries criticized Trump's legitimacy on the grounds of Russian election interference.  Investigations have repeatedly found Russia interfered in the 2016 election to benefit Trump.  https://www.npr.org/2019/04/18/714667960/redacted-mueller-report-is-released  https://www.pbs.org/newshour/politics/senate-panel-finds-russia-interfered-in-the-2016-us-election    A Russian oligarch admitted to interfering several weeks ago. https://www.cnn.com/2022/11/07/europe/yevgeny-prigozhin-russia-us-election-meddling-intl/index.html,,,"['election', 'Senate', 'Trump']"
1853948818917564791,A2DCBC083D543BAB7090A50C30F1E4CE6F45DE7C344BE234A452B202C19991D5,1730850817790,1853945745725870101,MISINFORMED_OR_POTENTIALLY_MISLEADING,This is Obama’s post.     https://x.com/barackobama/status/1853904959412338963?s=46,,,['Obama']
1753043570917867857,469F3CC5FF1CCAC11C48BD340DDF72D29A51AA9D2A283169E48B19EDA2A41626,1706793131937,1753014108633338341,MISINFORMED_OR_POTENTIALLY_MISLEADING," It has been demonstrated again and again that Hamas terrorists targeted civilians, and there are numerous testimonies, including by  Hamas terrorists themselves regarding the torture, rape, and murder of innocent civilians.      https://middleeastmonitor.com/20231211-survivor-of-kibbutz-beeri-incident-reveals-harrowing-details-of-israeli-forces-assault/amp/    https://amp.theguardian.com/world/2023/oct/11/it-was-a-pogrom-beeri-survivors-horrific-attack-hamas-terrorists    https://nypost.com/2023/10/17/hamas-killed-mom-in-front-of-her-two-young-boys-booby-trapped-her-body/amp/    https://nypost.com/2023/12/07/news/nova-festival-survivor-seen-in-haunting-image-recounts-moment-hamas-killed-her-friends/amp/    https://nytimes.com/2023/12/28/world/middleeast/oct-7-attacks-hamas-israel-sexual-violence.html    https://ynetnews.com/magazine/article/ryhylpgmp  ",,,"['Hamas', 'Israel']"
1848756542201356453,446DEA9D1856C8A831998FC25F299D743EFB8C1EB0EB8D95B9E5EF782478C11F,1729612882553,1847341530979156410,NOT_MISLEADING,"The article clearly explains that there's more to being a McDonald's employee than dropping fries in oil a time or two. Trump clearly did not experience the stress, rushing, or upset customers that actually come with the job.",,,['Trump']
1739783671442292987,EE696AA622B07B9A37282616C8E450EA5AA57376AD10735F44037DAD4BEC586B,1703631725549,1739756624238223605,MISINFORMED_OR_POTENTIALLY_MISLEADING,  OP does not provide any verified sources related to 2023 war or last decade.   It presents in reply sources from 2009 which refers to practice ended in 1990.  The guidelines at that time were not clear.  No evidence Palestinians were killed for their organs.     1.https://www.theguardian.com/world/2009/dec/21/israeli-pathologists-harvested-organs  2.https://www.newsweek.com/israel-organ-harvesting-allegations-explained-1847101  ,,,['Israel']
1717021855062646863,A8A4B1A98BE897BEE959B9182694F8544F571FE5AAB658421B199452396FC4C2,1698204885630,1716874448694096095,NOT_MISLEADING,"The proposed note contains a misleading partial quote from the article.    As stated by the article, &quot;the attackers killed at least one civilian and potentially others outside the kibbutz gates&quot;.    https://www.cnn.com/2023/10/18/middleeast/hamas-documents-invs/index.html    NNN",,,['Hamas']
1714723251165790441,470DAEC74D24A0A6EF9BECE11ED4DDCBD06E829C791781B23E30C7CD2D8A625F,1697656855747,1714680048933101815,NOT_MISLEADING,"Hasan is speaking factually in the first part of the post.  https://www.theguardian.com/world/2023/oct/17/crisis-gaza-why-food-water-power-running-out  While his numbers may or may not be accurate, Hasan is a Twitch streamer and not a politician or news journalist. He covers news but is subject to being incorrect if his chosen sources are also not verified or updated.",,,['power']
1794819047793610851,23384C55F85733109984573E8199F47F1A9A089A4F7B62E574EDA378A3CCD0AD,1716753181776,1794786375813714198,MISINFORMED_OR_POTENTIALLY_MISLEADING,"This report is unconfirmed, the claim that the killed unarmed man was a spy was from the family of the shooter. The family of the killed man claims otherwise on their Change.org page.    https://www.change.org/p/justice-for-ramzan-daraev",1716766651614.0,CURRENTLY_RATED_NOT_HELPFUL,['justice']
1780684918764499392,53BF5AF48010742F3A00F60B84D4A58914BD2A63ED3DEA5F17C51BD8561F74D3,1713383342816,1780649744844399054,MISINFORMED_OR_POTENTIALLY_MISLEADING,"Azov Battalion has not existed since 2014. It was absorbed into the National Guard and any far right extremists were purged. Characterizing the Ukrainian military as being nazis is objectively false, and indeed is frequently repeated Russian propaganda.    https://lens.monash.edu/@politics-society/2022/08/19/1384992/much-azov-about-nothing-how-the-ukrainian-neo-nazis-canard-fooled-the-world",,,['military']
1738667826347458967,7EBD0E8359A4B4FE184447A42021D0B193CC2820D1D41CC435EB643BEF1CCB9A,1703365687346,1738636652594000367,MISINFORMED_OR_POTENTIALLY_MISLEADING,"Während die Hamburger Polizei dieser Darstellung widerspricht, bestätigt das jordanische Außenministerium den Tod. Somit sollten die Statements von beiden Seiten mit Vorsicht genossen werden und abgewartet werden, bis mehr bekannt ist.    https://twitter.com/PolizeiHamburg/status/1738636652594000367?t=xlSDrwFBAXwaRJazuQ5iyg&amp;s=19    https://en.royanews.tv/news/47765/Foreign%20Ministry%20statement%20regarding%20death%20of%20Jordanian%20student%20in%20Germany",1703408482626.0,CURRENTLY_RATED_NOT_HELPFUL,['foreign']
1807282361819615388,445376C956170F8784603E39590D17FF1336C74574908C6C608436522159652F,1719724667395,1807139213554462847,MISINFORMED_OR_POTENTIALLY_MISLEADING,"Coronavirus não é o mesmo que resfriado comum.    Coronavirus é uma família de centenas de vírus, que podem causar inúmeras patologias, incluindo mas não limitando a resfriado.    A pandemia de COVID-19 foi causada pelo Sars-Cov-2.    Essa desinformação circula desde 2021:  https://fullfact.org/online/coronavirus-textbook-1989-common-cold/    https://www.usatoday.com/story/news/factcheck/2020/05/29/fact-check-textbooks-definition-coronavirus-excludes-covid-19/5259551002/    https://www.saude.sc.gov.br/coronavirus/doenca.html    https://health.hawaii.gov/docd/disease_listing/coronaviruses/",1719734593823.0,CURRENTLY_RATED_HELPFUL,['Covid']
1747709871993078246,3D6C9C6251E97B0041A09431D4AB5E3269AB36EA44A113AF387371704460858B,1705521479021,1747638741315866883,NOT_MISLEADING,"NNN-Everything in the tweet is factually correct. Trump was found liable by a jury for sexual abuse and defamation in the first trial. Your opinion about the validity of her original claim should be made as a comment, not a note.   https://apnews.com/article/trump-rape-carroll-trial-fe68259a4b98bb3947d42af9ec83d7db",,,['Trump']
1751314201019326909,8F546E7CCAF86FC04097D9A80AB779270141262AB882B85EA35D54F27C997465,1706380818025,1751022684408799404,MISINFORMED_OR_POTENTIALLY_MISLEADING,the case filed by SA was not about stopping Israel defending itself but alleged violations of Genocide Convention.  The ICJ did find the case had merit to further proceed &amp; also made orders that Israel take all measures to prevent the commission of genocide      https://www.icj-cij.org/sites/default/files/case-related/192/192-20240126-ord-01-00-en.pdf,,,['Israel']
1734728762992869854,F735563C1D6CACAE98B239A5BF3B6B29334E5A32093D655B66C4A4A96408409D,1702426541454,1734532896655098307,MISINFORMED_OR_POTENTIALLY_MISLEADING,"No, COVID-19 vaccines do not cause fetal loss, stillbirths or miscarriages. There is no evidence COVID-19 vaccines are causing vaccinated mothers to have pregnancy complications. Studies show COVID-19 vaccines reduce the risk of stillbirths and miscarriages    https://www.nature.com/articles/s41467-022-30052-w  https://obgyn.onlinelibrary.wiley.com/doi/10.1111/1471-0528.17721",,,['Covid']
1779921618430578834,564BF6CB5AF732DF2BE438774F920985B980B059C6BCDD11F4688F225D4023D3,1713201357836,1770423865337848062,NOT_MISLEADING,"The community note is inaccurate and uses biased language. Multiple Sources: EIA, White House &amp; The Cambridge Bitcoin Electricity Consumption Index. CBECI shows bitcoin requires nearly as much energy as powering all the lights+TVs in the U.S. https://ccaf.io/cbnsi/cbeci/comparisons",,,['White house']
1812868003861774802,B80C23E191B9EAA7F44044260C86861C7565C97E0C43487BCEC10C158C678D85,1721056388235,1812813381599895615,NOT_MISLEADING,NNN    Clearly factual. This is word for word the press release that CNN put out.     https://www.cnn.com/2024/07/14/media/msnbc-morning-joe-pulled-trump-assassination/index.html,,,['Trump']
1834629163074097439,1F19112D4D120B3E8A09EC0F1C770B1E52020173A9CEEAFE49D21A6305D49B79,1726244652895,1833538213778231372,MISINFORMED_OR_POTENTIALLY_MISLEADING,"No cause of death has been determined, or announced.    It is not known if Chance Gainer was COVID-19 vaccinated.    Young athletes have an increased risk of suffering from sudden cardiac arrest.    https://www.techarp.com/sports/chance-gainer-die-covid-19-vaccine/  https://publications.aap.org/pediatrics/article/129/4/e1094/32355/Pediatric-Sudden-Cardiac-Arrest  https://www.medrxiv.org/content/10.1101/2023.02.13.23285851v1  https://www.reuters.com/article/factcheck-coronavirus-fifa-idUSL1N2SL1NJ/  https://www.aspetar.com/journal/viewarticle.aspx?id=552 https://www.factcheck.org/2023/01/scicheck-no-surge-in-athlete-deaths-contrary-to-widespread-anti-vaccine-claims/",,,['Covid']
1669609545386143745,8EE3640A69DA999E43F88BF0A6D4E1B312298793296D624D26B9F17861AC0AA0,1686900910124,1669112177586851840,MISINFORMED_OR_POTENTIALLY_MISLEADING,According to the ECDC last communication on June 2023:   &quot;Most children do not develop symptoms when infected with the virus or they develop a very mild form of COVID-19.&quot;.     This is reassuring and in line with world data. The US exaggerated COVID in children.     Please refer to  https://www.ecdc.europa.eu/en/covid-19/questions-answers/questions-answers-school-transmission ,,,['Covid']
1766647437756665983,DA39066245F2AC92525E5D625E84818AC0CEC3883DFCCF6D413B567EE8264911,1710036546542,1766198596863484142,NOT_MISLEADING,"The data about the number of children murdered in Gaza is accurate.   https://amp.theguardian.com/world/2023/oct/26/can-we-trust-casualty-figures-from-the-hamas-run-gaza-health-ministry    https://www.reuters.com/world/middle-east/despite-bidens-doubts-humanitarian-agencies-consider-gaza-toll-reliable-2023-10-27/    Israeli intelligence officials have admitted to relying on civilian death toll statistics collated by Gaza's health ministry, despite Tel Aviv publicly undermining the ministry's reliability  https://www.newarab.com/news/israeli-intel-confirms-gaza-health-ministry-stats-reliable?amp",,,['Hamas']
1851155266768670841,437285BBADE951DA03998D2408D22CE4DB85C8E39E0656E96530C6CB9A22E376,1730184783056,1850769484425961982,MISINFORMED_OR_POTENTIALLY_MISLEADING,The head he is alluding to is the President of the republic of Kenya who has been accused of several abduction and extra-judicial killings  of Kenyans who criticise his leadership.     https://www.standardmedia.co.ke/amp/national/article/2001502707/of-broken-promises-ruto-faces-criticism-over-abductions-extra-judicial-killings,,,['president']
1654230597764538368,AD0DB54CD9241E18B2F454DE835E4F67829DF63D5B3FBE88BB197EA789CC89ED,1683234283281,1653887683469643776,MISINFORMED_OR_POTENTIALLY_MISLEADING,The liberal Justice published a book and disclosed the advance. ,,,"['justice', 'liberal']"
1745105414910316598,D81A6509E351691C7D737026D16929DDDC0ECF828BFC771092798B60066B8518,1704900528064,1744714354614788522,MISINFORMED_OR_POTENTIALLY_MISLEADING,"Gabriel Attal is Jewish on his father's side, but was raised as an Orthodox Christian by his french and Greek-Russian mother.  The prime minister position in France is not the actual head-of state (the President is), unlike the PM of Israel.  https://en.wikipedia.org/wiki/Gabriel_Attal?wprov=sfla1  https://en.wikipedia.org/wiki/Prime_Minister_of_France?wprov=sfla1",,,"['Israel', 'president', 'state']"
1784936267831996689,06F65FDEB98169809243CAF5AEBA4771B5CDA7C5E59BD768C3CC28EC3DDF3C55,1714396943422,1784858532929519710,MISINFORMED_OR_POTENTIALLY_MISLEADING,Humza Yousaf is not an immigrant. He was born in Glasgow.    https://www.gov.scot/about/who-runs-government/first-minister/biography-humza-yousaf/    Yousaf’s speech was about the lack of people of colour in positions of power. The speech did not assert that white people make up too large a proportion of Scotland’s population.    https://news.stv.tv/politics/police-receive-complaints-over-speech-in-scottish-parliament-by-humza-yousaf-as-hate-crime-act-implemented,,,"['parliament', 'power']"
1788535369325052249,5B48025A1EA29BAE41705304EED11346FF80EA6BA233FD78674DC0A9B6C0D426,1715255036086,1788237364436893845,MISINFORMED_OR_POTENTIALLY_MISLEADING,"The author of this post had admitted the infograph author has misrepresented the polling data and the numbers represent people finding certain aspects of Soviet period good, not USSR in general being preferable.    https://twitter.com/TheDougMonkey/status/1788268444816740652?t=2iitu3lwdieipj63GI0SVg&amp;s=19    Majority of Eastern Europe support transition to free market.    https://www.pewresearch.org/global/2019/10/15/european-public-opinion-three-decades-after-the-fall-of-communism/",,,['polling']
1755683566019551305,456588E8550601B17FA8EF69239E01FFBEE02E682FC60C3D00F420CE21DE6DFB,1707422555818,1755405105191354848,MISINFORMED_OR_POTENTIALLY_MISLEADING,"Lawyers defending Tucker Carlson argued in open court that his statements on television were so hyperbolic, that a reasonable viewer wouldn’t consider them to be factual. Factual statements are critical part of being a journalist:    https://www.ifj.org/who/rules-and-policy/global-charter-of-ethics-for-journalists    https://www.npr.org/2020/09/29/917747123/you-literally-cant-believe-the-facts-tucker-carlson-tells-you-so-say-fox-s-lawye",,,['policy']
1818486771849494905,BCD8820EFD1B4BCBAB0C7D4D9FB9597DC172570F13B3086F77DB8EFBC55EAC65,1722396006916,1818444004041642397,NOT_MISLEADING,"NNN.     The CNE is controlled by Nicolas Maduro. And no other countries beside authoritarian or priory allies of Venezuela has recognized Madure's re-election    https://www.bbc.com/news/articles/c720dr48g1po    The link can be false, but the note proposed does not deny any allegations ",,,"['authoritarian', 'election']"
1749895443725590597,F2DE39AC4D9B5E7D421B068501B6FD55336F1EE3E88FB88156B8784240D71EA5,1706042559923,1749884786452070742,MISINFORMED_OR_POTENTIALLY_MISLEADING,According to media and official IDF spokespersons there is no confirmation that all the arrested and stripped naked men are Hamas fighters.     Many of them already released after weeks of detaining without charges.       https://www.washingtonpost.com/world/2023/12/13/gaza-palestinian-detainee-photos-israel/,,,"['Hamas', 'Israel']"
1691179716114301016,B00575AB6868DC4179563A3048E0FB280BC55F9F72F6FF05524F6C146BF720C4,1692043639575,1691159362624987137,MISINFORMED_OR_POTENTIALLY_MISLEADING,"Article VI, Paragraph 2 of the Constitution, usually referred to as the Supremacy Clause, provides that Federal law supersede state laws and Federal officials have immunity from the state criminal law when carrying out their duties.    https://constitutioncenter.org/the-constitution/articles/article-vi/clauses/31    https://biotech.law.lsu.edu/map/LiabilityofaFederalOfficerunderStateLaw.html",1692099749258.0,CURRENTLY_RATED_HELPFUL,"['constitution', 'federal', 'law', 'state']"
1823637461177917626,8CA028971C5949847017650A85F7EB06B3AB7CDDFE4D4B40D4B7F3A9A9840BC3,1723624026947,1823466208538083463,MISINFORMED_OR_POTENTIALLY_MISLEADING,NNN. The man expressed a personal anecdote about his conversations w/Arab Americans in Michigan and their perception of VP Harris + the Democratic Party.     The “added context” is unnecessary + misses that this community of voters could be decisive in an important swing state.     https://www.economist.com/united-states/2024/08/13/can-kamala-harris-win-michigan-without-arab-american-voters,,,"['Harris', 'party', 'state']"
1798408714929483886,64AC535CEB18F271E9C674BDEF29D4FBE400DA8249DC1B883A179A7BCF329464,1717609025115,1798388027666145675,MISINFORMED_OR_POTENTIALLY_MISLEADING,"Here is what Bryon Donalds was quoted as saying:    “You see, during Jim Crow, the Black family was together. During Jim Crow, more Black people were not just conservative — Black people have always been conservative-minded — but more people voted conservatively,” Donalds said.    https://thehill.com/homenews/house/4705247-byron-donalds-suggests-black-families-stronger-under-jim-crow/ ",,,['conservative']
1719445443669594254,477074D5011386A0A5F941401C3DDCCCA4C5EC0A336CAF7B0E1D993B028CC038,1698782714180,1719067203813732542,MISINFORMED_OR_POTENTIALLY_MISLEADING,"Die Angaben im Artikel sind falsch: Bereits einen Tag vor dem angegebenen Datum (23. Oktober) waren weit mehr Opfer namentlich aufgeführt (419 statt 339 Zivilisten, inzwischen 657 ).    https://web.archive.org/web/20231022180928/http://www.haaretz.com/israel-news/2023-10-19/ty-article-magazine/israels-dead-the-names-of-those-killed-in-hamas-massacres-and-the-israel-hamas-war/0000018b-325c-d450-a3af-7b5cf0210000    Außerdem kann der Anteil der Zivilisten insgesamt höher als bei den dort Genannten sein.",,,"['Hamas', 'Israel']"
1793027929116488098,4882C3C3E0644EE7E089E2EAF1BBDDB86D1B7C051CBB89A5592672D0FC51B0A7,1716326145809,1792965335588499897,MISINFORMED_OR_POTENTIALLY_MISLEADING,"Hogan made a commitment to uphold Maryland abortion law, not a commitment to always and at every opportunity expand access.  The bill in question would have allowed midwives and physician's assistants to perform abortions adding increased risk to patients with complications.     https://www.cbsnews.com/news/maryland-larry-hogan-veto-abortion-access-bill/",,,"['law', 'veto']"
1819101270122041769,73AF46BEA2885AF95DC0F4905C6A5485FA1E1206EF4C985CC2F3A5E3D27A4729,1722542514724,1819068745983181173,MISINFORMED_OR_POTENTIALLY_MISLEADING,Keir Starmer DOES have a mandate decided by a democratic General Election. In fact Keir Starmer secured the largest Government majority in over 25 years.      https://www.theguardian.com/politics/ng-interactive/2024/jul/05/eleven-charts-that-show-how-labour-won-by-a-landslide,,,"['election', 'mandate', 'starmer']"
1730246986119413999,B2BC3BCEDB2231C28A299EBA3A6B76B3C5A9153A9C7B037043B348369BB6AB10,1701358002582,1729988853400773038,MISINFORMED_OR_POTENTIALLY_MISLEADING,This is presenting a false claim as a fact. There is evidence to support the fact that the $40k were associated with a loan between brothers.   https://www.cnn.com/2023/10/31/politics/fact-check-evidence-supports-democrats-case-that-joe-biden-made-a-personal-loan-to-his-brother/index.html,,,['biden']
1828044283078701192,52D42118D4B4D439E8ABCAE4439D53E8CE29E3AB631918EB6465842D20ABA354,1724674695162,1828040369931485380,MISINFORMED_OR_POTENTIALLY_MISLEADING,Donald Trump has stated numerous times he does not support a nationwide abortion ban. Nor is he involved with or supports Project 2025.     https://www.npr.org/2024/04/08/1243363396/trump-abortion    https://www.usatoday.com/story/news/factcheck/2024/07/10/trump-project-2025-heritage-foundation-fact-check/74340278007/  ,,,['Trump']
1795074590923686194,2FBCBE210C0660A2AC72AE117383D2B5A83B87AC3EB801EA1DF7F19F01441F2C,1716814108008,1794944655072919820,MISINFORMED_OR_POTENTIALLY_MISLEADING,Sperm extraction for In vitro fertilization involves removing a small sperm containing tube from each testicle through a small incision by a doctor.    https://healthcare.utah.edu/fertility/treatments/tese,,,['healthcare']
1733826476032614765,D597FCDD902719938F307F40E50E1855390739C44ACEC157171AA5A077CC727E,1702211419486,1733576799974576334,MISINFORMED_OR_POTENTIALLY_MISLEADING,"Luego de que se surgieran videos de lo que Israel ha llamado una rendición en masa por parte de terroristas de Hamas, cuentas han lanzado lo que parece ser una campaña conspiracionista para desacreditar la noticia, argumentando que fue actuado sin tener fuente alguna.    https://www.timesofisrael.com/idf-chief-hamas-rule-in-gaza-faltering-leaked-video-shows-apparent-gunmen-surrender/amp/    https://m.jpost.com/israel-news/defense-news/article-777106    https://t.co/zM7sL3ykBT    https://t.co/fHqvQdEPut",,,"['Hamas', 'Israel']"
1674038050920226816,A2A15B417BE066B5263DB58A91D7A16FA30AF34C4E7660392B3262BEC476BABF,1687956748119,1673780363766771712,MISINFORMED_OR_POTENTIALLY_MISLEADING,"The Vice-President doesn't have the power to name judges, whether their skin contains large amounts of melanin or not.     Source: the US Constitution. ",1688793029917.0,CURRENTLY_RATED_NOT_HELPFUL,"['constitution', 'power', 'president']"
1802443490229395620,EB9017A81CD1967979D48EB0D4B73C344963E7907F4B9CD46BB4F7C401FDFF5F,1718570990509,1802441342783795275,MISINFORMED_OR_POTENTIALLY_MISLEADING,⚠️ SCAM WARNING ⚠️    This is a scammer who tries to steal your assets with fake promotions. These promotions are NOT related to @RaoulGMI official account!    X stated policy:  https://help.twitter.com/en/rules-and-policies/financial-scam    Learn more about crypto scams:  https://consumer.ftc.gov/articles/what-know-about-cryptocurrency-and-scams#scams    https://www.bitdefender.com/blog/hotforsecurity/twitter-and-youtube-crypto-scams-are-rampant-what-do-they-have-in-common/    https://medium.com/giveaway-com/3-ways-to-spot-a-fake-social-media-giveaway-and-protect-yourself-from-scams-de687949b18a,,,['policy']
1535095498553454594,9D52E41A760078474ACA9991033CFBF2EDF6F7A654C37D9125B97A19A24AE383,1654830262207,1534916668782260229,MISINFORMED_OR_POTENTIALLY_MISLEADING,"This is blatant misinformation on a number of levels. Current estimates indicate more eligible voters participated in this election versus the 2019 election that put Boudin into office. Approximately 45% of eligible voters voted, far more than the 15% referenced in this tweet. https://twitter.com/ericmkingsbury/status/1534625015790206976?s=21&amp;t=A_ip0o4vRQ_NJ0-mGnXrkA",,,['election']
1742249060109820074,65F687F3F0BE41BB456A883BA989742AB6F9566B731F7526D2F0E850C1B7F1DC,1704219520011,1741864466676097416,NOT_MISLEADING,"Note above should be downvoted  + He literally describes sexual assault  https://www.vox.com/2016/10/7/13205842/trump-secret-recording-women    + Judge: Yes, Trump was found to have raped E. Jean Carroll --&gt; https://wapo.st/41JXMcD    + Woman who accused Donald Trump of raping her at 13 drops lawsuit &lt;-- withdrew after death threats  https://www.theguardian.com/us-news/2016/nov/04/donald-trump-teenage-rape-accusations-lawsuit-dropped    Other credible accusations  https://www.newyorker.com/magazine/2016/10/24/documenting-trumps-abuse-of-women    https://www.businessinsider.com/women-accused-trump-sexual-misconduct-list-2017-12",,,['Trump']
1762188190805594543,DE5A306CEA2CEE9C0C8E6A35057F4347D58B61AE8719C1F0B053E5437574A6D8,1708973379218,1762157842612515149,MISINFORMED_OR_POTENTIALLY_MISLEADING,"The tweet omits the important detail that this is not a news report, but a quote from a speech by the pro-Russian Slovakian Prime Minister Robert Fico. He provided no evidence for this claim, and famously hates Ukraine due in large part to a dispute in 2009.    https://www.politico.eu/article/slovakia-new-prime-minister-robert-fico-ukraine-war/",,,['Ukraine']
1643761020303814656,E27D9FDB53914B46B9A0149A6837BB31BE0C77E4B72B2E5CE9BC9E1AC82ECA41,1680738141501,1643663213597450242,MISINFORMED_OR_POTENTIALLY_MISLEADING,"While WI statute 12.11 does state that it is illegal to offer anything of value to a voter to encourage them to vote, the payment in this case is, instead, being made to an organizer to encourage others to vote, in a legal process known as canvassing, or get-out-the-vote.    https://docs.legis.wisconsin.gov/statutes/statutes/12/11  https://en.wikipedia.org/wiki/Canvassing  https://en.wikipedia.org/wiki/Get_out_the_vote",,,"['state', 'vote']"
1716606392784798079,960B9E4B203D51C7AC13F3EE410E1563B4AF8C002885D1A573D58A78C1D4D89E,1698105831703,1716556800592379969,MISINFORMED_OR_POTENTIALLY_MISLEADING,"The money remains in Qatar, and is once again frozen.    https://thehill.com/homenews/administration/4251092-iran-deal-6-billion-hostages-five-things-know/",,,['Iran']
1714995492789117274,175DF6228B18EB9752976D980540641B508A8BDB83136BDEE03B27879AE619D3,1697721763216,1714940685084750276,MISINFORMED_OR_POTENTIALLY_MISLEADING,"The law applies to all not some. https://www.legislation.gov.uk/ukpga/1986/64/section/14/2008-05-08#:~:text=he%20may%20give%20directions%20imposing,to%20prevent%20such%20disorder%2C%20damage%2C",,,"['law', 'legislation']"
1849250699202474385,A73444A1B6D8A4FB2663C0F0F1E34330CAC1D0CCAE8FA7FF181661A82FBF118A,1729730698763,1848874729202950342,MISINFORMED_OR_POTENTIALLY_MISLEADING,"Maia has achieved notoriety as a transphobic detransitioner, in addition to whimsically siding with both Israel and Gaza seemingly dependant on which day of the week it is. Their opinions are not verifiably trustworthy and any claims they post should be considered unreliable.     https://x.com/thepeacepoet99?s=21",,,['Israel']
1676830152167415810,049E9E249CF132BD220934A2301413303C9F83D5CC0D861A6488BB5A903CCA42,1688622436929,1671425341045493761,MISINFORMED_OR_POTENTIALLY_MISLEADING,"The objective reality is that non-aboriginal people are more likely to die than Aboriginal people in custody.    In 1991, researchers were able to prove unequivocally that Aboriginal people were less likely to die in prison or police custody than non-Aboriginal people.    https://www.canberratimes.com.au/story/6050158/plenty-of-myths-and-half-truths-about-black-deaths-in-custody/    https://www.news.com.au/national/courts-law/its-time-australia-told-the-truth-about-aboriginal-deaths-in-custody/news-story/3855fb1b084bfd485c90d78baeed695f    https://www.spectator.com.au/2018/09/all-deaths-in-custody-matter/    https://www.cis.org.au/commentary/opinion/indigenous-australians-and-the-prison-of-selective-outrage/  ",,,['law']
1386701141149327364,ADDCD5CAC65EBC9BB6067B426CD274D03B32E3E7849E5931078EC8C237D595FA,1619450290370,1386352039224041476,MISINFORMED_OR_POTENTIALLY_MISLEADING,"Numerous schools have had on-campus covid outbreaks. Examples from two states:    As of December 2020, more than 100 outbreaks in New Jersey schools. According to contact tracers, 83 people got infected in one school. https://www.nj.com/education/2020/12/83-kids-or-teachers-caught-covid-19-in-njs-largest-reported-school-outbreak-state-says.html    Dozens of new and ongoing in-school outbreaks in Michigan. https://www.michigan.gov/coronavirus/0,9753,7-406-98163_98173_102480---,00.html",,,"['Covid', 'state']"
1817609842816876619,3028AED48B7D80C8FEDBDAF474EBD5E20C2CF95AA2EA3DDE92A7BF3D88FF62D7,1722186930743,1817415353611571280,MISINFORMED_OR_POTENTIALLY_MISLEADING,現在のBeRealの規約に運営が30年間如何なる形においても再利用できる旨の文言はありません。  https://bereal.com/en/terms/  https://bereal.com/ja/%E5%88%A9%E7%94%A8%E8%A6%8F%E7%B4%84/    過去の規約には「7.2 Intellectual Property and License」節に該当の文言がありましたが、2023年4月25日付の規約改定で削除されました。  https://web.archive.org/web/20230326025010/https://bereal.com/en/terms/  https://blog.avast.com/jp/bereal-safety  https://petapixel.com/2023/04/27/bereal-owns-your-photos-for-30-years/  https://www.dailymail.co.uk/sciencetech/article-12015111/BeReal-owns-rights-photos-30-years-use-wants.html,1722204768572.0,CURRENTLY_RATED_HELPFUL,['rights']
1835674658764431677,D4FC0E5FFFEBE66D0D712731E640FE71A5B26BB53BCC2F3A75D3AFC34F04AFFF,1726493918491,1835613854589489625,MISINFORMED_OR_POTENTIALLY_MISLEADING,È solo una speculazione senza fondamento del creatore del post che ci sia la sinistra americana contro i tentati attacchi alla vita di Trump    https://nocreditneeded.com,,,['Trump']
1355317422979428354,AE4E98DB825454AC4E5C29EE7F7E038F8D85CEBB20BAFC289F8C9F318FA86FC1,1611967828876,1343002800654053376,MISINFORMED_OR_POTENTIALLY_MISLEADING,Encouraging voters to not vote on an Election Day is voter manipulation. ,,,"['election', 'vote']"
1760750257023922380,D9F1956D03E03FC286BF955F34975D47A649DE405276958020584F4CCFCD75B3,1708630549093,1760418798278983783,MISINFORMED_OR_POTENTIALLY_MISLEADING,"Diferente do que vem sido apontado recentemente, a charge não foi publicada no New York Times. Ela é criação do israelense Johnathan Majburd e foi compartilhada em suas redes sociais. A referência ao NYT fica apenas por referência à manchete que ele referência na imagem.  https://www.instagram.com/j.majburd?igsh=eTlxeTlxaGZxeDZi  https://www.nytimes.com/2024/02/18/world/middleeast/brazil-lula-israel-gaza-holocaust.html",,,['Israel']
1732203845533552857,CE1E49F9E06EA39C33494AEFAFD26FCA39B95A403C1018D2045A280DED9DE0F8,1701824554218,1732138663608271149,MISINFORMED_OR_POTENTIALLY_MISLEADING,Depositions in the video make clear &quot;calling for the genocide of jews&quot; WILL BE considered harassment and against the code of conduct every time it affects other individuals eg “When speech crosses into conduct” and “investigated as harassment if pervasive and severe.”    https://www.jta.org/2023/12/05/united-states/facing-congress-harvard-mit-penn-presidents-defend-efforts-to-fight-antisemitism-on-their-campuses,1701847625180.0,CURRENTLY_RATED_NOT_HELPFUL,['Congress']
1842564353209352505,3F04FFEAC4F8927E86A555E2D2A5F0617563C1C2B7F6F2F374802E3A73314EFB,1728136549652,1842340410519105855,MISINFORMED_OR_POTENTIALLY_MISLEADING,The Biden-Harris administration has been consistently wrong (or lying) about the job creation numbers in the past period. They had to revise every previous jobs figure in the past.  https://x.com/bubblebathgirl/status/1842342614269313396?s=46&amp;t=IHnbrtb6kCsITuR9DY493Q,,,"['biden', 'Harris']"
1713992114378358822,4655369DA48623F2F5E53E9C3A830C08E6DAB2B219D2D16D5DF9A2756652A6B7,1697482539157,1713807392004346110,MISINFORMED_OR_POTENTIALLY_MISLEADING,"Above is a clear conflation of the Jewish State of Israel with Jews in media, and American politics. This is a very common antisemitic trope that supposes that a there’s a secret cabal of Jews that are secretly in control of (or attempting to be in control of) the world.     https://antisemitism.adl.org/power/     ",,,"['Israel', 'power', 'state']"
1753071256940032096,A4A74EA01E890DD199975DF20CEE1FACDFC5A19F716191CB243CF5C09F799162,1706799732800,1752224305411138005,NOT_MISLEADING,How can Hamas not be Palestinians when Palestinians elected Hamas to be their government in a Democratic process in 2006?,,,['Hamas']
1763376811092697431,E558474F8B9B9BA727EC981AA4A2BC43D9F81346CAC53577F3527F5F30A04ED7,1709256768380,1763335138556215540,MISINFORMED_OR_POTENTIALLY_MISLEADING,None of those statements are actually in the transcript.  The opposite is actually true.  Hunter states repeatedly that he has no idea who they could be talking about and doesn't think he even read that email.     https://oversight.house.gov/wp-content/uploads/2024/02/Hunter-Biden-Transcript_Redacted.pdf,,,['biden']
1666630410757980160,EB1CA851C307466812A4BABF64C27D7DB7583B38AD7391F74508D42787338656,1686190629078,1666610958792380417,MISINFORMED_OR_POTENTIALLY_MISLEADING,This is not a real or verified post by Trump. It does not appear on his TS account or anywhere else. This is a complete fabrication by the DeSantis team and a smear post.,,,['Trump']
1776215014786957820,3B681C7F3A0048B932787E372FB2001ECD45CAF3ABCE86AF2073448F2FC93EBB,1712317634660,1775943880292147441,MISINFORMED_OR_POTENTIALLY_MISLEADING,What the UAE has actually announced is a suspension of coordination of humanitarian aid with Israel  This is not the same as suspending all diplomatic ties but also is very bad news for getting aid into Gaza.  https://www.i24news.tv/en/news/israel/diplomacy/artc-uae-halts-diplomatic-coordination-with-israel,,,"['diplomacy', 'Israel']"
1767628592261775663,B81CC5509F6D1F6B0282ED6CC10A860A3E3D5D28C5C6BCA37FB388FF65D3373D,1710270472003,1759644206635557259,MISINFORMED_OR_POTENTIALLY_MISLEADING,Joe Biden won the 2020 presidential election with 306 electoral votes (270 needed to win).    https://www.archives.gov/electoral-college/2020,,,"['biden', 'election']"
1801261983603265764,28FB5AC75B9512494996208C2770C9114C5A60F475CAEF4790104816D01EF10A,1718289297379,1801241398902964592,MISINFORMED_OR_POTENTIALLY_MISLEADING,Rachel Reeves post said “economic growth.” This is part of an ongoing campaign to discredit Labour by using false claims.  https://x.com/RachelReevesMP/status/1801223081253335090,,,['campaign']
1653171849042247680,B2A195AA8CEADF2B4A4444A7EAB9E635F9F1CD3AF5737143AC4022C02B942145,1682981857916,1653123495222452225,MISINFORMED_OR_POTENTIALLY_MISLEADING,This photo is from 2016.    https://janeygodley.com/2016/06/28/welcomed-trump-scotland/,1682993576977.0,CURRENTLY_RATED_HELPFUL,['Trump']
1838850508569637125,4AB48A77CE5BFE605974F00F6D82C90A5193CF4371D3189A75AE7A16EFEAF1D6,1727251100091,1838613058421207185,MISINFORMED_OR_POTENTIALLY_MISLEADING,The Delhi Metro is a centre-state driven project and was initiated at 1995 and was started at 2002    https://en.m.wikipedia.org/wiki/Delhi_Metro_Rail_Corporation,,,['state']
1756292725220266327,79DA928AE669035E5DFD24E8BB2CD66FC92155EB378E7B3DA107D41949D14B1E,1707567790688,1756201000757518797,MISINFORMED_OR_POTENTIALLY_MISLEADING,"COAS is involved in massive pre &amp; post poll rigging through human rights voilations, mobile network shutdown, abductions and manipulation of elections by delaying &amp; changing the results. This statement is political interference &amp; a violation of Constitution A244  https://na.gov.pk/uploads/documents/1333523681_951.pdf   https://www.aljazeera.com/news/liveblog/2024/2/10/pakistan-election-results-2024-deal-making-ahead-khan-sharif-claim-win  https://www.economist.com/asia/2024/02/09/confusion-reigns-in-pakistans-rigged-election  https://www.nytimes.com/2024/02/09/world/asia/pakistan-election-results.html",,,"['constitution', 'election', 'rights']"
1788618208624148813,904DD97896BFDDABA66F86F306403A75665558BED6FB3719C300679ECFFECCB0,1715274786511,1788588170805735588,NOT_MISLEADING,"NNN. The Leader's office says he would not vote for a bill to ban abortion, but, if in government, he cannot control his caucus. Harper faced several backbench revolts/free votes on this issue. Poilievre still has a number in his caucus, which could grow post-election. https://www.cbc.ca/news/politics/private-members-bill-violence-against-women-abortion-rights-1.6837875  https://www.campaignlifecoalition.com/fedvotes/   https://www.campaignlifecoalition.com/voting-records/view/level/mp/id/12343/name/cathay-wagantall   https://www.ctvnews.ca/canada/backbencher-s-abortion-motion-defeated-203-to-91-1.971640",,,"['caucus', 'election', 'MP', 'rights', 'vote']"
1755133198634459618,38B031010B8EDF014E9022747EB4686759EAD5B0B3223341017180AC27F631B3,1707291338009,1754939039902240874,MISINFORMED_OR_POTENTIALLY_MISLEADING,Illegal immigration began skyrocketing in 2019 while Donald Trump was President but was slowed due to travel restrictions imposed by COVID in 2020.     https://www.migrationpolicy.org/news/turning-point-us-unauthorized-immigrant-population,,,"['Covid', 'immigration', 'president', 'Trump']"
1711034860545188295,3220AFAA676C7A12C4389B0D3F45CAC0205248083A6D7ADCCF8568D10D3A5B25,1696777474903,1710286841570578444,MISINFORMED_OR_POTENTIALLY_MISLEADING,"The Liberal government is using unreliable data to spin a narrative that the government somehow &quot;created jobs&quot;.  But it's widely known and accepted that the jobs data in Canada is highly  flawed and unreliable, and one could argue the government likes it that way.    https://www.theglobeandmail.com/report-on-business/economy/statscan-survey-offers-inaccurate-perception-of-labour-force/article22712986/  ",,,['liberal']
1809721642911924339,C0A2C606D6E8BED95889BF68B5353E29C32A4A50DCC92368E23442234478BD7A,1720306237330,1809676330008531329,MISINFORMED_OR_POTENTIALLY_MISLEADING,"Biden and Harris have the same official positions on race and DEI. Biden is already President. Therefore, if Harris would be a “DEI President”, Biden is one as well. So, Harris would not be the first “DEI President”    https://www.whitehouse.gov/priorities/",1720418516025.0,CURRENTLY_RATED_NOT_HELPFUL,"['biden', 'Harris', 'president']"
1728499186998411678,D60820EF6F3CE81CBF4CC14D91425F9B00BF7D00AF289FB4C7FF625D839B85D4,1700941294799,1728493232047460671,MISINFORMED_OR_POTENTIALLY_MISLEADING,"The current protests in Spain are against a law passed by the Socialist acting Prime Minister giving amnesty to Basque and Catalan separatists, particularly relating to the 2017 referendum, in return for their support to form a government.    It is not a coup.    https://www.reuters.com/world/europe/biggest-protest-spain-against-catalan-amnesty-law-draws-170000-2023-11-18/  https://www.bloomberg.com/news/articles/2023-11-12/spanish-protests-against-deal-with-catalans-escalate-in-madrid  https://www.ft.com/content/520695fb-2440-4a67-add7-7bc2ed6c93e4  https://www.nytimes.com/2023/11/12/world/europe/spain-protests-sanchez.html",,,"['law', 'socialist']"
1743663315371413517,81796F8029E0FABA606697CBACDF182C5F74010B69E89C3B405E0270DF3BCD37,1704556704738,1743638083076084019,MISINFORMED_OR_POTENTIALLY_MISLEADING,"This post is misleading    When you take into account the freeze in tax thresholds and other changes the tax burden is at a post war high and the expected fall in living standards the highest since data began in the 50s    UK facing permanent higher taxes, IFS think tank says https://www.bbc.co.uk/news/uk-politics-66945729",1704567676257.0,CURRENTLY_RATED_HELPFUL,['taxes']
1714358219576160271,6CECDC844D3E810783CEE40D22EDA1CBFC57A8A930B14625F059760970F3160D,1697569825442,1714342217870164373,NOT_MISLEADING,"NNN. If you can produce proof that the video is of an older/different incident or has been manipulated, then post that context with the source. Notes are not for speculation or debate.    https://communitynotes.twitter.com/guide/en/contributing/values",,,['debate']
1817663162822590622,1FA589A2B1385DDB1EB7F64C54A75C31F1BD6EB46F401C4FA3ABBBA6351F2971,1722199643222,1817423719641252024,MISINFORMED_OR_POTENTIALLY_MISLEADING,"Trump has stated he's against mandated vaccines for our schools, as the original post indicated  https://www.pbs.org/newshour/show/trump-vows-to-defund-schools-requiring-vaccines-for-students-if-hes-reelected",,,['Trump']
1793872348405236135,9884301ADD3ACBAB53C45B03D72103B54C66DF19239067A3F146C22C6A989F53,1716527471054,1793705570849132775,MISINFORMED_OR_POTENTIALLY_MISLEADING,Yolanda Díaz is not  a &quot;Vice President&quot; as Spain is a monarchy! Yolanda Díaz is a minister of Labour and second Deputy Prime minister.     https://en.wikipedia.org/wiki/Yolanda_D%C3%ADaz,,,['president']
